asset_id,new_no,no_pc,Equipment_details,type_equipment,project,spec,ssd,ram,gpu,monitor1,brand_1,monitor2,brand_2,yfm_1,How_long,Service_life,update
1,430158GPHP128,CA-0177,HP Pavilion 550-013l (หน้ากากสี่ขาว),PC,,I5-4460,120 GB,8 GB,GT 710,MO-0170,"Acer 19.5""",,,,,,
2,430156GNCC112,CA-0161,Computer ประกอบทั่วไป,PC,,I3-3240T,120 GB,4 GB,HD Graphics,MO-0127,"HP  19.5""",,,,,,
3,430158GPHP129,CA-0178,HP Pavilion 550-013l (หน้ากากสี่ขาว),PC,,I5-4460,120 GB,8 GB,HD Graphics,MO-0280,"MSI 24""",,,,,,
4,430159GNCC150,CA-0199,Comp. คอมสั่งประกอบ ใช้งานทั่วไป,PC,,I3-4160,120 GB,8 GB,Graphics 54400,MO-0204,"Acer 19.5""",,,,,,
5,430158GNCC123,CA-0172,IRON Computer Case (คอมประกอบหน้ากาก สีดำ),PC,,I5-4460,120 GB,8 GB,Graphics 4600,MO-0066,"HP  19.5""",,,,,,
6,430163GPAC004,CA-0253,PC Acer TC-390-R538G1T00Mi/T001,PC,,Ryzen5 5400G,240 GB,14 GB,Rx Vega 11,MO-0021,"Samsung 19.5""",,,,,,
7,,,,PC,,i5-14400,500 GB,16 GB,-,,,,,,,,
8,,,,PC,,i5-14400,500 GB,16 GB,-,,,,,,,,
9,430163GPCC007,CA-0265,คอมประกอบ i5-10400 MSI VENTUS XS,PC,,I5-10400,500 GB,16 GB,rx 570,MO-0138 ,"Samsung 19.5""",MO-0276," msi24.5""",,,,
10,,เครื่องเก่าซ้อ,,All_In_One,,I5-8250U,120 GB,8 GB,mx130,-,-,,,,,,
11,430156GNAS100,CA-0148,Computer Asus PC A2-M11A-TH003D,PC,,I3-3240,240 GB,8 GB,HD Graphics,MO-0223,"Acer 19.5""",,,,,,
12,430160GNLV198,CA-0245,,PC,,i5-14400,500 GB,16 GB,Geaphics 630,MO-0277,"MSI 24""",,,,,,
13,430163GPCC011,CA-0260,คอมประกอบกราฟฟิก Intel i5-9400f,PC,,I5-9400F,240 GB,16 GB,GT 705,MO-0275,"MSI 24""",,,,,,
14,430268AIOLN002,AIOL-0002,(AIO) Lenovo V100 ( 13BE005KTH ) (23.8),All_In_One,,I3-N305,500 GB,16 GB,Intel UHD Graphics Xe 32EUs,,"lenovo 24.5""",,,,,,
15,430163GPCC001,CA-0250,คอมประกอบกราฟฟิก Intel i5-9400f,PC,,I5-9400F,120 GB,16 GB,r7 350 ,MO-0284,"MSI 24.5""",,,,,,
16,430268AIOLN003,AIOL-0003,(AIO) Lenovo V100 ( 13BE005KTH ) (23.8),All_In_One,,I3-N305,240 GB,8 GB,Intel UHD Graphics Xe 32EUs,,"lenovo 24.5""",,,,,,
17,430160GNDE192,CA-0239,Computer Dell Vostro V3668 (W2681501PTH),PC,,I3-7100,240 GB,8 GB,Graphics 630,MO-0072,"HP 19.5""",,,,,,
18,430163GPCC005,CA-0254,คอมประกอบกราฟฟิก Intel i3-9100,PC,,I3-9100,500 GB,8 GB,Graphics 630,MO-0279,"MSI 24""",,,,,,
19,430163GPCC007,CA-0256,คอมประกอบกราฟฟิก Intel i3-9100,PC,,I3-9100,500 GB,8 GB,Graphics 630,MO-0150,"LG 19.5""",,,,,,
20,430163GPCC006,CA-0255,คอมประกอบกราฟฟิก Intel i3-9100,PC,,I3-9100,500 GB,8 GB,Graphics 630,MO-0151,"LG 19.5""",,,,,,
21,430155GPHP043,CA-0064,HP Pavilion P6-2182L,PC,,I3-3220,HDD 1 T,8 GB,HD Graphics,MO-0201,"Acer 19.5""",,,,,,
22,430155GPHP042,CA-0061,HP Pavilion P6-2182L,PC,,I3-2120,120 GB,8 GB,HD Graphics,MO-0140,"HP 19.5""",,,,,,
23,430157GPAS109,CA-0158,ASUS PC A2- M11AA-TH003D,PC,,I3-3240,120 GB,8 GB,HD Graphics,MO-0168,"HP 19.5""",,,,,,
24,430267GPHP 001,AIO-0055,N/Bgame HP Victus 15-fa1093TX (15.6),Notebook,,I5-12,500,,,,,,,,,,
25,430160GPCC197,CA-0244,คอมประกอบกราฟฟิก,PC,,I5-7600K,120 GB,16 GB,HD Graphics,MO-0274,"MSI 24.5""",,,,,,
26,430160GPCC196,CA-0243,คอมประกอบกราฟฟิก,PC,,I7-7700,240 GB,16 GB,Graphics 4400,MO-0282,"MSI 24.5""",,,,,,
27,430163GPCC017,CA-0266,คอมประกอบ i5-10400 GIGABYTE OC,PC,,I5-10400,500 GB,16 GB,GTX 1030,MO-0277,"MSI 24.5""",,,,,,
28,430160GNDE199,CA-0246,PC Dell Vostro V3668-W2681501PTH,PC,,I3-7100,240 GB,8 GB,Graphics 630,MO-0210,"Acer 19.5""",,,,,,
29,430159GNCC160,CA-0209,Comp. คอมสั่งประกอบ ใช้งานทั่วไป,PC,,I3-4160,240 GB,8 GB,Graphics 4400,MO-0014,"BenQ 19.5""",,,,,,
30,430158GNLV131,CA-0180,LENOVO IdeaCentre H5050 (90B7003RTA) ,PC,,I3-4160,240GB,8 GB,GT 705,MO-0215,"Acer 19.5""",,,,,,
31,430269GPLN001,AIO-0062,N/Bgame Lenovo LOQ 15IRX9 83DV019YTA (15.6) Luna Grey,Notebook,,I7-13650HX,500 GB,16 GB,3050,ไม่มีรหัส,"Lenovo 15.6""",,,,,,
32,430163GPDE003,CA-0252,PC Dell Inspiron V3671,PC,,I5 9400,240 GB,8 GB,Graphics 630,MO-0273,"MSI 24""",,,,,,
33,430163GPDE002,CA-0251,PC Dell Inspiron V3671,PC,,I5-9400,240 GB,16 GB,Graphics 630,MO-0272,"MSI 24""",,,,,,
34,430158GPLV141,CA-0190, Lenovo IdeaCentra H5050 (90B700FYTA),PC,,I5-4170,240 GB,16 GB,Display,MO-0271,"MSI 24""",,,,,,
35,430159GPCC173,CA-0222,COMPUTER ประกอบกราฟฟิก,PC,,I5-4460,240 GB,16 GB,R HD 7450,MO-0023,"SS 19.5""",,,,,,
36,430160GNLV198,CA-0038,HP Pavilion p6-2262L บุคคล,PC,,I5-7400,120 GB,16 GB,HD Graphics,MO-0018,"SS 19.5""",,,,,,
37,430167GEDE001,CA-0270,คอมประกอบ i5-12400f  RTX3050/6GB,PC,,I5-12400F,500 GB,16 Gb,RTX 3050,MO-212,"Acer 19.5""",,,,,,
38,430269GPLN002,AIO-0063,N/Bgame Lenovo Legion 5 15IRX10 83LY00HGTA (15.3) Eclipse Black,Notebook,,I7-13650HX,500,16,RTX 5060,MO-0265,"Samsung 23.8""",,,,,,
39,430163GPCC015,CA-0264,COMPUTER SET INTEL iWORK,PC,,I3-10100,240,16,GTX 1650 Super,MO-0004,"Acer 19.5""",MO-0125,"Acer 19.5""",,,,
40,430168GEDE003,CA-0273,คอมประกอบ i5-14400,PC,,I5-14400,500,16,P2200,MO-0259,"Acer 19.5""",MO-0269,"MSI 23.8""",,,,
41,430268GPLN001,AIO-0056,N/Bgame Lenovo LOQ 15IAX9E 83LK002LTA (15.6) Luna Grey,Notebook,,I7-12,500,32,RTX 4050,ไม่มี,"Samsung 23.8""",,,,,,
42,430264GPMSI011,AIO-0051,N/Bgame MSI GF63 Thin 10SC-266TH (15.6) Black,Notebook,,I7-10750H,500,16,1650,MO-0252,"Samsung 23.8""",,,,,,
43,430264GPAC005,AIO-0045,Notebook Acer Nitro AN515-55-52HQ/T005 (Black,Notebook,,I5-10300H,500,16,GTX 1650TI,MO-0268,"MSI 23.8""",,,,,,
44,430268GPLN004,AIO-0060,N/Bgame Lenovo LOQ 15IRX10 83JE00MGTA (15.6) Luna Grey,Notebook,,I7-13650HX,500,16,RTX 5050,MO-0247,"Acer 24""",,,,,,
45,430168GEDE001,CA-0271,คอมประกอบ i5-14400  RTX3050/6GB,PC,,I5-14400,500,16,RTX 3050,MO-0267,"Samsung 24""",MO-0044,"HP 19.5""",,,,
46,430264GPAC006,AIO-0046,Notebook Acer Nitro AN515-55-52HQ/T005 (Black,Notebook,,I5-10300H,500,16,GTX 1650TI,ไม่มี,"Samsung 24""",,,,,,
47,430264GPAC003,AIO-0043,Notebook Acer Nitro AN515-55-52HQ/T005 (Black,Notebook,,I5-10300H,,,GTX 1650TI,MO-0253,"Samsung 23.8""",,,,,,
48,430168GEDE005,CA-0275,คอมประกอบ i5-14400,PC,,I5-14400,500,16,GTX 1650 Super,MO-0283,"MSI 23.8""",MO-0164,"HP 20""",,,,
49,430164GPCC001,CA-0267,คอมประกอบ i7-11700 Quadro p2200,PC,,I7-11700,240,16,P2200,MO-0264,"LG 23.8""",MO-0258,,,,,
50,430168SVDE001,SV-001,DELL EMC PowerEdge R450,Server,,,,,,,,,,,,,
51,430468APC001,SU-001,APC SmartUPS 2000VA 2U SMC,Server,,,,,,,,,,,,,
52,431361EXTH001,ACS-0001,"EXT 2.5"" TB Seagate Backup Plus Slim Gold",Accessories_IT,,,,,,,,,,,,,
53,431361NAS0002,ACS-0002,Nas Zyxel 4 BAY (Nas 540) Dual Core 1.2 Ghz DDR3 1 Gb,Accessories_IT,,,,,,,,,,,,,
54,4313614GR0003,ACS-0003,4G Router TP-Link (TL-MR6400) Wireless,Accessories_IT,,,,,,,,,,,,,
55,4313614GR0004,ACS-0004,4G Router TP-Link (TL-MR6400) Wireless,Accessories_IT,,,,,,,,,,,,,
56,4313614GR0005,ACS-0005,4G Router TP-Link (TL-MR6400) Wireless,Accessories_IT,,,,,,,,,,,,,
57,4313614GR0006,ACS-0006,4G Router D-Link (DWR-921) Wireless N300,Accessories_IT,,,,,,,,,,,,,
58,4313614GR0007,ACS-0007,4G Router D-Link (DWR-921) Wireless N300,Accessories_IT,,,,,,,,,,,,,
59,4313614GR0008,ACS-0008,4G Router D-Link (DWR-921) Wireless N300,Accessories_IT,,,,,,,,,,,,,
60,4313614GR0009,ACS-0009,4G Router D-Link (DWR-921) Wireless N300,Accessories_IT,,,,,,,,,,,,,
61,4313614GR0010,ACS-0010,4G Router TP-Link (TL-MR6400) Wireless,Accessories_IT,,,,,,,,,,,,,
62,431362GSM0011,ACS-0011,Dinstar GSM 3G Gateway 16 Port,Accessories_IT,,,,,,,,,,,,,
63,4313624GR0012,ACS-0012,4G Router TP-Link (TL-MR6400) Wireless N300,Accessories_IT,,,,,,,,,,,,,
64,4313624GR0013,ACS-0013,4G Router TP-Link (TL-MR6400) Wireless N300,Accessories_IT,,,,,,,,,,,,,
65,431362MPJ0014,ACS-0014,"จอโปรเจคเตอร์ ขนาด 100"" แบบชัก",Accessories_IT,,,,,,,,,,,,,
66,431363MKT0001,ACS-0015,Mikrotik CCR1016-12G,Accessories_IT,,,,,,,,,,,,,
67,431363SNLG0002,ACS-0016,Synology DS1019PLUS,Accessories_IT,,,,,,,,,,,,,
68,,ACS-0017,จอโปรเจคเตอร์ กม.5 แบบชัก,Accessories_IT,,,,,,,,,,,,,
69,431364EXSG001,ACS-0018,"EXT.2.5"" 2TB SEAGATE BACKUP PLUS SLIM 'BLACK'",Accessories_IT,,,,,,,,,,,,,
70,431364MKT001,ACS-0019,Cisco SG350X-24 24 Port,Accessories_IT,,,,,,,,,,,,,
71,431364TPL002,ACS-0020,Access Point TP-LINK (EAP245) Wireless AC1750 Gigabit,Accessories_IT,,,,,,,,,,,,,
72,431364TPL003,ACS-0021,Access Point TP-LINK (EAP245) Wireless AC1750 Gigabit,Accessories_IT,,,,,,,,,,,,,
73,431364TPL004,ACS-0022,Access Point TP-LINK (EAP245) Wireless AC1750 Gigabit,Accessories_IT,,,,,,,,,,,,,
74,431365TPL001,ACS-0023,Access Point TP-LINK (EAP245) Wireless AC1750 Gigabit,Accessories_IT,,,,,,,,,,,,,
75,431365TPL002,ACS-0024,Access Point TP-LINK (EAP245) Wireless AC1750 Gigabit,Accessories_IT,,,,,,,,,,,,,
76,431365TPL003,ACS-0025,Access Point TP-LINK (EAP245) Wireless AC1750 Gigabit,Accessories_IT,,,,,,,,,,,,,
77,431368TPL001,ACS-0026,Access Point TP-LINK (EAP225) Wireless AC1350 Gigabit,Accessories_IT,,,,,,,,,,,,,
78,431366SWCC001,ACS-0023,CiscoCBS350-48T,Accessories_IT,,,,,,,,,,,,,
79,431364WD005,,EXT. 2.5'' 1.TB WD My Passport Red,Accessories_IT,,,,,,,,,,,,,
80,431364WD006,,EXT. 2.5'' 1.TB WD My Passport White,Accessories_IT,,,,,,,,,,,,,
81,431365TPL001,ACS-0023,Access Point TP-LINK (EAP245) Wireless AC1750 Gigabit,Accessories_IT,,,,,,,,,,,,,
82,431365TPL002,ACS-0024,Access Point TP-LINK (EAP245) Wireless AC1750 Gigabit,Accessories_IT,,,,,,,,,,,,,
83,431365TPL003,ACS-0025,Access Point TP-LINK (EAP245) Wireless AC1750 Gigabit,Accessories_IT,,,,,,,,,,,,,
84,431367NTCW001,ACS-0026,TL-A4 Comway A4 Fusion Splicer เครื่องสไปรท์สายไฟเบอร์,Optical_Fiber,,,,,,,,,,,,,
85,431367NTTT002,ACS-0027,TESTER สายสัญญาณ Optical Fiber Meter/VFL/OPM/Cable Detector LAN/PoE/Port Flash NOYAFA รุ่น NF-8508,Optical_Fiber,,,,,,,,,,,,,
86,431368MCSM001,MIC-0001,,audio_set,,,,,,,,,,,,,
87,431368MCTD002,MIC-0002,ไมค์ลอยคู่ TADA SLXD8,audio_set,,,,,,,,,,,,,
88,430268AIOLN001,AIOL-0001,(AIO) Lenovo V100 ( 13BE005KTH ) (23.8),All_In_One,,,,,,,,,,,,,
89,430268AIOLN002,AIOL-0002,(AIO) Lenovo V100 ( 13BE005KTH ) (23.8),All_In_One,,,,,,,,,,,,,
90,430268AIOLN003,AIOL-0003,(AIO) Lenovo V100 ( 13BE005KTH ) (23.8),All_In_One,,,,,,,,,,,,,
91,430756GNHP002,AIO-0001,PC HP Pavilion 20 AIO 20-B119L,All_In_One,,,,,,,,,,,,,
92,430756GNHP003,AIO-0002,PC HP Pavilion 20 AIO 20-B119L,All_In_One,,,,,,,,,,,,,
93,AIO-0005,AIO-0005,PC HP Pavilion 20 AIO 20-B119L,All_In_One,,,,,,,,,,,,,
94,AIO-0009,AIO-0009,Notebook Asus K550JK-XX027D (S/N E8N0CY387467658),Notebook,,,,,,,,,,,,,
95,430258GNAS002,AIO-0010,Notebook Asus K550JK-XX027D (S/N E8N0CY387467658),Notebook,,,,,,,,,,,,,
96,430258GNLV003,AIO-0011,Notebook Lenovo G4070-59438305(Black),Notebook,,,,,,,,,,,,,
97,430258GNAS005,AIO-0017,3SA-WX061D Asus NB ZX453SA-WX061D) ,Notebook,,,,,,,,,,,,,
98,430259GNAS007,AIO-0019,Asus X452MJ-WX021D Black,Notebook,,,,,,,,,,,,,
99,430259GNAS009,AIO-0021,Asus X452MJ-WX021D (Black),Notebook,,,,,,,,,,,,,
100,430259GNAS011,AIO-0023,Notebook Asus K455LF-WX130D (Black),Notebook,,,,,,,,,,,,,
101,430259GNHP012,AIO-0024,Notebook HP 15-ac674TX  สเปคกราฟฟิก ,Notebook,,,,,,,,,,,,,
102,430259GPLV013,AIO-0025,Notebook Lenovo 310 80SL001TTA Black,Notebook,,,,,,,,,,,,,
103,430260GPHP015,AIO-0027,Notebook HP 15-ay190TX (15.6) Black,Notebook,,,,,,,,,,,,,
104,430260GNDE016,AIO-0028,"Notebook Dell N3567-W5651120RTH (15.6"") Black",Notebook,,,,,,,,,,,,,
105,430261GPHP017,AIO-0029,"Notebook HP Pavilion 15-cb037TX (15.6"") Black",Notebook,,,,,,,,,,,,,
106,430262GPAS018,AIO-0030,Notebook Asus UX410UF-GV075T (14) Guatr Gray,Notebook,,,,,,,,,,,,,
107,430262GPLV019,AIO-0031,Notebook Lenovo 330-81FK003JTA (15.6) Black,Notebook,,,,,,,,,,,,,
108,430762GPAC032,AIO-0032,(AIO) Acer Aspire C22-866-8254G1T21MGi/T003,All_In_One,,,,,,,,,,,,,
109,430762GPAC033,AIO-0033,(AIO) Acer Aspire C22-866-8254G1T21MGi/T003,All_In_One,,,,,,,,,,,,,
110,430262GPHP036,AIO-0036,"N/B game HP Omen gaming 15-dc1026tx (15.6) Black 5CD90803TW,5CD9083FK7",Notebook,,,,,,,,,,,,,
111,430262GPAS036,AIO-0037,N/B Asus S430FN-EB053T (14) Silver Blue-Yellow JCN0CX020684499,Notebook,,,,,,,,,,,,,
112,430262GPAS037,AIO-0038,N/B Asus A570ZD-DM326T (15.6) Black-Plastic,Notebook,,,,,,,,,,,,,
113,430262GPMS039,AIO-0039,Microsoft Tablet New Surface Pro6 i7/8/256(KJU-00013),Notebook,,,,,,,,,,,,,
114,430262GPAS040,AIO-0040,N/B Asus A570ZD-DM411T (15.6) Black-Plastic,Notebook,,,,,,,,,,,,,
115,430264GPXP001,AIO-0041,N/B HP 15s-du3011TX,Notebook,,,,,,,,,,,,,
116,430264GPAC002,AIO-0042,Notebook Acer Nitro AN515-55-52HQ/T005 (Black,Notebook,,,,,,,,,,,,,
117,430264GPAC004,AIO-0044,Notebook Acer Nitro AN515-55-52HQ/T005 (Black,Notebook,,,,,,,,,,,,,
118,430264GPLN007,AIO-0047,N/Bgame Lenovo IP 3 15ARH05 82EY006WTA (15.6) Phantom Black,Notebook,,,,,,,,,,,,,
119,430264GPMSI008,AIO-0048,N/Bgame MSI Bravo 15 A4DDR-412TH(15.6),Notebook,,,,,,,,,,,,,
120,430264GPMSI009,AIO-0049,N/Bgame MSI Bravo 15 A4DDR-412TH(15.6),Notebook,,,,,,,,,,,,,
121,430264GPHP010,AIO-0050,N/B HP 15s-eq2067AU (15.6) (461J6PA#AKL),Notebook,,,,,,,,,,,,,
122,430264GPHP013,AIO-0053,HP Pavilion 15-eh1082AU,Notebook,,,,,,,,,,,,,
123,430265GPLN 001,AIO-0054,N/B Lenovo IP 5 15IAL7 82SF001CTA (15.6) Storm Grey,Notebook,,,,,,,,,,,,,
124,,,HP OMEN,Notebook,,,,,,,,,,,,,
125,430268GPHP001,AIO-0057,Notebook HP Victus 15-fa2713TX (Mica Silver),Notebook,,,,,,,,,,,,,
126,430268GPLN002,AIO-0058,N/Bgame Lenovo LOQ 15IRX9 83DV01A0TA (15.6) Luna Grey,Notebook,,,,,,,,,,,,,
127,430268GPLN003,AIO-0059,N/Bgame Lenovo LOQ 15IRX9 83DV01A0TA (15.6) Luna Grey,Notebook,,,,,,,,,,,,,
128,430268GPLN005,AIO-0061,N/Bgame Lenovo LOQ 15IRX9 83DV01A0TA (15.6) Luna Grey,Notebook,,,,,,,,,,,,,
129,430155GPHP001,CA-0001,Computer HP P6-2182L,Notebook,,,,,,,,,,,,,
130,430155GNHP002,CA-0002,Computer HP Pavilion P6-2170L ,PC,,,,,,,,,,,,,
131,,CA-0003,,PC,,,,,,,,,,,,,
132,430155GNHP004,CA-0004,Computer HP Pavilion P6-2170L ,PC,,,,,,,,,,,,,
133,430155GPHP006,CA-0006,Computer HP Pavilion P6-2182L,PC,,,,,,,,,,,,,
134,CA-0007,CA-0007,Computer HP Pavilion P6-2182L,PC,,,,,,,,,,,,,
135,430155GPHP008,CA-0008,Computer HP P6-2182L,PC,,,,,,,,,,,,,
136,430155GPHP009,CA-0009,Computer HP P6-2182L ,PC,,,,,,,,,,,,,
137,430155GPHP010,CA-0010,Computer HP P6-2182L ,PC,,,,,,,,,,,,,
138,430156GPHP011,CA-0011,HP Envy HPE h8-1433L,PC,,,,,,,,,,,,,
139,430156GNCC012,CA-0013,HP Pavilion p6-2361L ,PC,,,,,,,,,,,,,
140,430156GPHP015,CA-0016,HP Pavilion  P6-2394L Intel core i3 -3220,PC,,,,,,,,,,,,,
141,430156GPHP016,CA-0018,HP Pavilion P6-23921 PC,PC,,,,,,,,,,,,,
142,430156GNHP021,CA-0023,HP-PAVILION P6-2262I,PC,,,,,,,,,,,,,
143,430152GNHP023,CA-0027,HP  CQ-3170L ,PC,,,,,,,,,,,,,
144,430152GPHP025,CA-0030,HP Pavilion P6275L,PC,,,,,,,,,,,,,
145,430152GPHP027,CA-0034,HP Pavilion P627L,PC,,,,,,,,,,,,,
146,430156GNIB028,CA-0035,Computer IBM Server (Server-pojjaman),PC,,,,,,,,,,,,,
147,430155GNHP032,CA-0039,HP Pavilion p6-2262L,PC,,,,,,,,,,,,,
148,CA-0050,CA-0050,Dell Vostro 460,PC,,,,,,,,,,,,,
149,430155GPDE033,CA-0051,Dell Vostro 460,PC,,,,,,,,,,,,,
150,430155GPHP035,CA-0053,HP Pavition P6-2182L,PC,,,,,,,,,,,,,
151,430155GPHP037,CA-0055,HP Pavilion P6-2182L ,PC,,,,,,,,,,,,,
152,430155GPHP038,CA-0056,HP Pavilion P6-2182L,PC,,,,,,,,,,,,,
153,430155GPHP039,CA-0057,HP Pavilion P6-2182L,PC,,,,,,,,,,,,,
154,430155GPHP040,CA-0059,HP Pavilion P6-2182L ,PC,,,,,,,,,,,,,
155,430155GPHP190,CA-0060,HP Pavilion P6-2182L,PC,,,,,,,,,,,,,
156,430155GPHP045,CA-0066,HP Pavilion P6-2182L,PC,,,,,,,,,,,,,
157,CA-0070,CA-0070,Comp. คอมสั่งประกอบ ใช้งานกราฟฟิก,PC,,,,,,,,,,,,,
158,430154GPHP050,CA-0074,HP Pavilion P6775 L,PC,,,,,,,,,,,,,
159,430154GPHP051,CA-0075,HP Pavilion P6776 L,PC,,,,,,,,,,,,,
160,430154GNCQ053,CA-0078,Computer คอมแพ็ค Cq 3570L,PC,,,,,,,,,,,,,
161,CA-0080,CA-0080,HP Pavilion P7-1022L ,PC,,,,,,,,,,,,,
162,430156GNHP055,CA-0081,HP Pavilion P2-141L,PC,,,,,,,,,,,,,
163,430155GPHP057,CA-0084,HP Pavilion P62182L,PC,,,,,,,,,,,,,
164,430155GPHP058,CA-0085,HP Pavilion P62182L,PC,,,,,,,,,,,,,
165,430156GPHP059,CA-0087,HP Pavilion P6075L,PC,,,,,,,,,,,,,
166,430156GPHP062,CA-0095,HP Pro 2000 MT,PC,,,,,,,,,,,,,
167,430156GPCC064,CA-0097,Case DMA,PC,,,,,,,,,,,,,
168,430156GPHP066,CA-0099,HP pavilion P6-23621L ,PC,,,,,,,,,,,,,
169,430156GPDE068,CA-0103,Dell model no vostro ,PC,,,,,,,,,,,,,
170,430156GPHP069,CA-0107,Hp Pavilion PQ30751L,PC,,,,,,,,,,,,,
171,430156GPLV070,CA-0108,Case Lenovol 3AY731,PC,,,,,,,,,,,,,
172,430156GPHP072,CA-0114,HP Pavilion P6183L,PC,,,,,,,,,,,,,
173,430156GPHP073,CA-0117,HP pavilion 1265L,PC,,,,,,,,,,,,,
174,430156GPHP075,CA-0119,HP pavilion G3585L,PC,,,,,,,,,,,,,
175,430156GPHP077,CA-0122,HP Pavilion G3172L,PC,,,,,,,,,,,,,
176,430156GPCQ078,CA-0124,HP Compaq dx2310MT,PC,,,,,,,,,,,,,
177,430156GPHP081,CA-0127,HP Pavilion A6775L,PC,,,,,,,,,,,,,
178,430156GPHP082,CA-0128,HP Pavilion A6775L,PC,,,,,,,,,,,,,
179,430156GPHP084,CA-0130,HP Pavilion P6075L,PC,,,,,,,,,,,,,
180,430156GPHP085,CA-0131,HP Pavilion G3082L,PC,,,,,,,,,,,,,
181,430156GPHP087,CA-0134,HP Pavilion P3685L,PC,,,,,,,,,,,,,
182,430156GPHP088,CA-0135,HP Pavilion P7-1022L,PC,,,,,,,,,,,,,
183,430156SVIB089,CA-0136,Computer IBM Server (Server HR),PC,,,,,,,,,,,,,
184,430156GPHP092,CA-0139,HP Pavilion P6275L,PC,,,,,,,,,,,,,
185,CA-0140,CA-0140,HP Pavilion 110-013l (H6L69AA#AKL),PC,,,,,,,,,,,,,
186,430156GNHP093,CA-0141,Computer HP pavlion P6-2182I,PC,,,,,,,,,,,,,
187,430156GNAC095,CA-0143,Computer Acer Aspire m1930 ,PC,,,,,,,,,,,,,
188,430156GNCC098,CA-0146,Computor Digital (คอมประกอบ),PC,,,,,,,,,,,,,
189,430156GNAS099,CA-0147,Computer Asus PC A2-M11A-TH003D,PC,,,,,,,,,,,,,
190,430156GNAS101,CA-0149,Computer Asus PC A2-M11A-TH003D,PC,,,,,,,,,,,,,
191,430156GNHP102,CA-0150,computer HP Pavilion 110-113L,PC,,,,,,,,,,,,,
192,430155GPHP104,CA-0153,HP Pavilion P6-2182i,PC,,,,,,,,,,,,,
193,430155GPHP106,CA-0155,HP Pavilion P6-2392L,PC,,,,,,,,,,,,,
194,430157GPAS110,CA-0159,ASUS PC A2- M11AA-TH003D,PC,,,,,,,,,,,,,
195,430158GNHP114,CA-0163, HP Pavilion 500-301x (F7G66AA#AKL),PC,,,,,,,,,,,,,
196,430158GPHP115,CA-0164,HP Pavilion 500-551x (K5M77AA#AKL),PC,,,,,,,,,,,,,
197,430158GPHP117,CA-0166,HP Pavilion 500-551x (K5M77AA#AKL),PC,,,,,,,,,,,,,
198,430158GPHP118,CA-0167,HP Pavilion 500-551x (K5M77AA#AKL),PC,,,,,,,,,,,,,
199,430158GPHP119,CA-0168,HP Pavilion 500-551x (K5M77AA#AKL),PC,,,,,,,,,,,,,
200,430158GNCC121,CA-0170,COLORS VIEW (คอมประกอบขึ้นมาใหม่),PC,,,,,,,,,,,,,
201,430158GNCC122,CA-0171,COLORS VIEW (คอมประกอบขึ้นมาใหม่),PC,,,,,,,,,,,,,
202,430158GNCC125,CA-0174,IRON Computer Case (คอมประกอบหน้ากากสีเหลือง),PC,,,,,,,,,,,,,
203,430158GNCC126,CA-0175,IRON Computer Case (คอมประกอบหน้ากากสีน้ำเงิน) ,PC,,,,,,,,,,,,,
204,430158GPHP127,CA-0176,HP Pavilion 550-013l (หน้ากากสี่ขาว),PC,,,,,,,,,,,,,
205,430158GPLV132,CA-0181,LENOVO IdeaCentre H5050 (90B7003UTA) ,PC,,,,,,,,,,,,,
206,430158GPLV133,CA-0182,LENOVO Idea Center H5050 (90B7003UTA),PC,,,,,,,,,,,,,
207,430158GPLV134,CA-0183,Lenovo Idea center H50-50 i5 (90B7000WTA),PC,,,,,,,,,,,,,
208,430158GPLV137,CA-0186, Lenovo IdeaCentra H5050 (90B7000WTA),PC,,,,,,,,,,,,,
209,430158GPLV138,CA-0187, Lenovo IdeaCentra H5050 (90B7000WTA),PC,,,,,,,,,,,,,
210,430158GPLV139,CA-0188, Lenovo IdeaCentra H5050 (90B700FYTA),PC,,,,,,,,,,,,,
211,430158GPLV140,CA-0189, Lenovo IdeaCentra H5050 (90B700FYTA),PC,,,,,,,,,,,,,
212,430158GNLV142,CA-0191,LENOVO idea Cantre H5050 (90B7003RTA),PC,,,,,,,,,,,,,
213,430159GNLV146,CA-0195,LENOVO IdeaCenter H5050 (90B700D2TA),PC,,,,,,,,,,,,,
214,430159GNLV147,CA-0196,LENOVO IdeaCenter H5050 (90B700D2TA),PC,,,,,,,,,,,,,
215,430159GNLV148,CA-0197,LENOVO IdeaCenter H5050 (90B700D2TA),PC,,,,,,,,,,,,,
216,430159GPCC149,CA-0198,Comp. คอมสั่งประกอบ ใช้งานกราฟฟิก,PC,,,,,,,,,,,,,
217,430159GPCC151,CA-0200,Comp. คอมสั่งประกอบ ใช้งานกราฟฟิก,PC,,,,,,,,,,,,,
218,430159GPCC152,CA-0201,Comp. คอมสั่งประกอบ ใช้งานกราฟฟิก,PC,,,,,,,,,,,,,
219,430158GNCC153,CA-0202,Comp. คอมสั่งประกอบ ใช้งานทั่วไป,PC,,,,,,,,,,,,,
220,430159GNCC155,CA-0204,Comp. คอมสั่งประกอบ ใช้งานทั่วไป,PC,,,,,,,,,,,,,
221,430159GPCC157,CA-0206,Comp+กราฟฟิก,PC,,,,,,,,,,,,,
222,430159GPCC158,CA-0207,Comp. คอมสั่งประกอบ ใช้งานกราฟฟิก,PC,,,,,,,,,,,,,
223,430159GPCC159,CA-0208,Comp. คอมสั่งประกอบ ใช้งานกราฟฟิก,PC,,,,,,,,,,,,,
224,430159GNCC161,CA-0210,Comp. คอมสั่งประกอบ ใช้งานทั่วไป,PC,,,,,,,,,,,,,
225,430159GPCC162,CA-0211,Comp. คอมสั่งประกอบ ใช้งานกราฟฟิก,PC,,,,,,,,,,,,,
226,430159GNCC163,CA-0212,Comp. คอมสั่งประกอบ ใช้งานทั่วไป,PC,,,,,,,,,,,,,
227,430159GNCC164,CA-0213,Computer ประกอบทั่วไป,PC,,,,,,,,,,,,,
228,430159GPHP170,CA-0219,HP Pavilion 550-155L  สเปคกราฟฟิค,PC,,,,,,,,,,,,,
229,430159GPCC174,CA-0223,COMPUTER ประกอบกราฟฟิก,PC,,,,,,,,,,,,,
230,430159GPCC175,CA-0224,Computer ประกอบกราฟฟิก,PC,,,,,,,,,,,,,
231,430159GPCC176,CA-0225,Computer ประกอบกราฟฟิก,PC,,,,,,,,,,,,,
232,430159GPCC177,CA-0226,Computer ประกอบกราฟฟิก,PC,,,,,,,,,,,,,
233,430159GPCC178,CA-0227,Computer ประกอบกราฟฟิก,PC,,,,,,,,,,,,,
234,430159GPCC180,CA-0229,Computer ประกอบกราฟฟิก,PC,,,,,,,,,,,,,
235,430159GPCC181,CA-0230,Computer ประกอบกราฟฟิก,PC,,,,,,,,,,,,,
236,430159GPCC189,CA-0238,Computer ประกอบกราฟฟิก,PC,,,,,,,,,,,,,
237,430160GPDE193,CA-0240,Computer Dell Vostro V3668 (W2681223TH),PC,,,,,,,,,,,,,
238,430160GNDE194,CA-0241,Computer Dell Vostro V3668 (W2681501PTH),PC,,,,,,,,,,,,,
239,430160GPDE195,CA-0242,Computer Dell Vostro V3668 (W2681223TH),PC,,,,,,,,,,,,,
240,430161GNDE200,CA-0247,PC Dell Vostro V3668-W2681501PTH,PC,,,,,,,,,,,,,
241,430161GPCC201,CA-0248,คอมประกอบกราฟฟิก AMD Ryzen 5 1400,PC,,,,,,,,,,,,,
242,430162GPCC202,CA-0249,คอมประกอบกราฟฟิก AMD Ryzen 5 2600,PC,,,,,,,,,,,,,
243,430163GPCC008,CA-0257,คอมประกอบกราฟฟิก Intel i5-9400f,PC,,,,,,,,,,,,,
244,430163GPCC009,CA-0258,คอมประกอบกราฟฟิก Intel i5-9400f,PC,,,,,,,,,,,,,
245,430163GPCC012,CA-0261,คอมประกอบกราฟฟิก Intel i5-10400,PC,,,,,,,,,,,,,
246,430163GPCC013,CA-0262,คอมประกอบกราฟฟิก Intel i5-10400,PC,,,,,,,,,,,,,
247,430166GGDE001,CA-0268,PC Dell Vastro V3910,PC,,,,,,,,,,,,,
248,430166GEDE002,CA-0269,PC Dell Vastro V3910,PC,,,,,,,,,,,,,
249,430168GEDE002,CA-0272,คอมประกอบ i5-14400,PC,,,,,,,,,,,,,
250,430168GEDE004,CA-0274,คอมประกอบ i5-14400,PC,,,,,,,,,,,,,
251,430168GEDE005,CA-0275,คอมประกอบ i5-14400,PC,,,,,,,,,,,,,
252,430168GEDE006,CA-0276,คอมประกอบ I7-14700 RTX5060,PC,,,,,,,,,,,,,
253,431463DNDJ001,DN-0001,Dji mavic mini combo,Drone,,,,,,,,,,,,,
254,431468DNDJ001,DN-0002,โดรนบินสำรวจ DJI MINI 4K,Drone,,,,,,,,,,,,,
255,431260FXO0017,FXO-0001,FXO 4 Chanel เบอร์พิ้นฐาน,Accessories_IT,,,,,,,,,,,,,
256,430355LEHP001,MO-0001,"Monitor HP HDcollor 2011s LED 20""",Monitor,,,,,,,,,,,,,
257,430355LEHP002,MO-0002,"Monitor HP HDcollor 2011s LED 20""",Monitor,,,,,,,,,,,,,
258,430355LEHP003,MO-0004,"Monitor HP HDcollor 2011s LED 20""",Monitor,,,,,,,,,,,,,
259,430355LCSS004,MO-0005,"Monitor SUMSUNG LCD 20""",Monitor,,,,,,,,,,,,,
260,430355LCSS005,MO-0006,"Monitor Sumsung  LCD 20""",Monitor,,,,,,,,,,,,,
261,430355LCSS006,MO-0007,"Monitor Sumsung  LCD 20""",Monitor,,,,,,,,,,,,,
262,430355LCSS007,MO-0008,"Monitor Sumsung  LCD 20""",Monitor,,,,,,,,,,,,,
263,430355LCHP008,MO-0009,"Monitor HP HD  LCD 21 """,Monitor,,,,,,,,,,,,,
264,430355LCHP009,MO-0010,"Monitor HP HD LCD 20""",Monitor,,,,,,,,,,,,,
265,430354LCLG010,MO-0011,Monitor LG  LCD 18.5'  ,Monitor,,,,,,,,,,,,,
266,430356LEAO011,MO-0012,"Monitor LED ""20"" AOC E2051SDN",Monitor,,,,,,,,,,,,,
267,430356LEAO012,MO-0013,"Monitor AOC E2051SDN LED 20""",Monitor,,,,,,,,,,,,,
268,430356LEPL013,MO-0014,"จอ LED 20"" PHILIPS",Monitor,,,,,,,,,,,,,
269,430356LEHP014,MO-0016,"Monitor HP  LED ""20""",Monitor,,,,,,,,,,,,,
270,430356LEHP015,MO-0017,"Monitor HP  LED ""20""",Monitor,,,,,,,,,,,,,
271,430355LESS016,MO-0018,"Monitor LED SUMSUNG ""20""",Monitor,,,,,,,,,,,,,
272,430355LESS018,MO-0021,"Monitor Sumsung LED 20""",Monitor,,,,,,,,,,,,,
273,430355LEHP019,MO-0022,"Monitor HP W2072B 20 """,Monitor,,,,,,,,,,,,,
274,430355LEHP020,MO-0023,"Monitor HP W2072B LED 20""",Monitor,,,,,,,,,,,,,
275,430355LESS021,MO-0024,"Monitor Sumsung LED 20""",Monitor,,,,,,,,,,,,,
276,MO-0027,MO-0027,"Monitor Sumsung LED 20""",Monitor,,,,,,,,,,,,,
277,430355LCSS024,MO-0028,"Monitor Sumsung LCD 20""",Monitor,,,,,,,,,,,,,
278,430352LCHP025,MO-0030,"Monitor LCD HP1907V 20 """,Monitor,,,,,,,,,,,,,
279,430354LCSS029,MO-0036,Monitor sumsung 20 S20300,Monitor,,,,,,,,,,,,,
280,430352LESS030,MO-0037,"Monitor LED Sumsung 20""",Monitor,,,,,,,,,,,,,
281,430355LEHP033,MO-0043,"Monitor HP  Color 20""",Monitor,,,,,,,,,,,,,
282,430355LEDE034,MO-0044,"Monitor Dell  LED 20""",Monitor,,,,,,,,,,,,,
283,430355LEDE035,MO-0045,"Monitor Dell LED 20""",Monitor,,,,,,,,,,,,,
284,430355LESS036,MO-0046,"Monitor Samsung 21""",Monitor,,,,,,,,,,,,,
285,430355LEDE037,MO-0047,"Monitor LED Dell 20""",Monitor,,,,,,,,,,,,,
286,MO-0048,MO-0048,"Monitor  Samsung  21""",Monitor,,,,,,,,,,,,,
287,430355LEHP038,MO-0049,"Monitor HP Color 20""",Monitor,,,,,,,,,,,,,
288,430355LESS039,MO-0050,"Monitor Samsung SyncMaster 743 20""",Monitor,,,,,,,,,,,,,
289,430355LCSS041,MO-0053,"Monitor samsung S20 B300 LCD 20"" ",Monitor,,,,,,,,,,,,,
290,430356LESS043,MO-0055,"Monitor Samsung LED 20""",Monitor,,,,,,,,,,,,,
291,430355LCSS044,MO-0056,"Monitor Samsung 740 NW LCD 20""",Monitor,,,,,,,,,,,,,
292,430355LCHP045,MO-0057,"Monitor HP S2031 LCD 20""",Monitor,,,,,,,,,,,,,
293,430355LESS046,MO-0058,"Monitor Samsung 20""",Monitor,,,,,,,,,,,,,
294,430355LESS047,MO-0059,"Monitor Samsung LED 20""",Monitor,,,,,,,,,,,,,
295,430355LCSS048,MO-0060,"Monitor Samsung 740 NW LCD 20""",Monitor,,,,,,,,,,,,,
296,430355LESS050,MO-0062,"Monitor Samsung LED 20""",Monitor,,,,,,,,,,,,,
297,430355LCHP051,MO-0063,"Monitor HP color Display 20""",Monitor,,,,,,,,,,,,,
298,430355LCSS054,MO-0066,"Monitor Sumsung LCD 20""",Monitor,,,,,,,,,,,,,
299,,MO-0067,,Monitor,,,,,,,,,,,,,
300,430355LEHP055,MO-0068,"Monitor LED HP 20 """,Monitor,,,,,,,,,,,,,
301,430354LESS056,MO-0069,"Monitor Samsung LED 17"" ",Monitor,,,,,,,,,,,,,
302,430355LCHP058,MO-0072,"Monitor HP color LCD 20""",Monitor,,,,,,,,,,,,,
303,430354LCSS059,MO-0073,"Monitor Samsung LCD 23"" ",Monitor,,,,,,,,,,,,,
304,430356LELG060,MO-0074,"Monitor LG LED 19.5 "" 20EN33T-B(DVI)",Monitor,,,,,,,,,,,,,
305,430354LCHP061,MO-0076,"Monitor HP W190V LCD 19""",Monitor,,,,,,,,,,,,,
306,430356LCSS063,MO-0079,Monitor Sumsung SyncMater S20B300,Monitor,,,,,,,,,,,,,
307,430356LCAC064,MO-0082,"Monitor Acer LCD 20""",Monitor,,,,,,,,,,,,,
308,430356LCAC065,MO-0083,Monitor Acer LCD P195HP,Monitor,,,,,,,,,,,,,
309,430356LCAS067,MO-0086,"Monitor Asus LCD 20""",Monitor,,,,,,,,,,,,,
310,430353LCAC069,MO-0090,"Monitor ACER G205h 20""",Monitor,,,,,,,,,,,,,
311,430356LEHP071,MO-0095,"Monitor HP LED 20""",Monitor,,,,,,,,,,,,,
312,430356LCDE074,MO-0100,"Monitor Dell 21""",Monitor,,,,,,,,,,,,,
313,MO-0102,MO-0102,"Monitor HP W2072B 20""",Monitor,,,,,,,,,,,,,
314,430356LCSS075,MO-0103,"Monitor Samsung 17""",Monitor,,,,,,,,,,,,,
315,430356LEAC077,MO-0105,"Monitor Acer LED 18""",Monitor,,,,,,,,,,,,,
316,430356LCLG078,MO-0106,"Monitor LG Flatron L1753s LCD 20""",Monitor,,,,,,,,,,,,,
317,430356LCSS079,MO-0107,"Monitor Samsung LCD 17""",Monitor,,,,,,,,,,,,,
318,430356LCAC080,MO-0108,Monitor LED 19.5'' ACER,Monitor,,,,,,,,,,,,,
319,430356LCHP081,MO-0109,"Monitor HP W17e LCD 17""",Monitor,,,,,,,,,,,,,
320,MO-0110,MO-0110,"Monitor HP W17e LCD 17""",Monitor,,,,,,,,,,,,,
321,430356LCLG082,MO-0113,Monitor LG 20M37D-B,Monitor,,,,,,,,,,,,,
322,430356LCSS084,MO-0115,"Monitor Samsung LCD 17""",Monitor,,,,,,,,,,,,,
323,430356LCAS085,MO-0118,"Monitor Asus LCD 18.5""",Monitor,,,,,,,,,,,,,
324,430356LCLG086,MO-0120,"Monitor LG LCD 17""",Monitor,,,,,,,,,,,,,
325,430356LCLG087,MO-0121,"Monitor LG LCD 20""",Monitor,,,,,,,,,,,,,
326,430356LCAO088,MO-0122,"Monitor AOC LCD 20""",Monitor,,,,,,,,,,,,,
327,430355LCHP089,MO-0123,"Monitor HP Color LCD 20""",Monitor,,,,,,,,,,,,,
328,430355LCHP090,MO-0124,"Monitor HP color LCD 20""",Monitor,,,,,,,,,,,,,
329,430356LCLG091,MO-0125,"Monitor LG LCD 17""",Monitor,,,,,,,,,,,,,
330,430356LCHP093,MO-0127,"Monitor Hp Color LCD 19""",Monitor,,,,,,,,,,,,,
331,430356LCSS095,MO-0129,"Monitor samsung 18.5""",Monitor,,,,,,,,,,,,,
332,430356LEPL098,MO-0134,"Monitor LED 18.5"" Philips 196V4LSB2/00 (DVI,B)",Monitor,,,,,,,,,,,,,
333,430356LEPL099,MO-0135,"Monitor LED 19.5"" PHILIPH",Monitor,,,,,,,,,,,,,
334,430356LESS100,MO-0136,"Monitor Samsung LED 18.5"" S19B150B",Monitor,,,,,,,,,,,,,
335,430356LESS180,MO-0138,"Monitor Sumaung S19B150B 20""",Monitor,,,,,,,,,,,,,
336,430356LCNE101,MO-0139,"Monitor NEC LCD 15"" Multisync",Monitor,,,,,,,,,,,,,
337,430356LCHP102,MO-0140,"Monitor HP Colur LCD20"" ",Monitor,,,,,,,,,,,,,
338,430356LEPL103,MO-0142,"Monitor LED 18.5""Philips 196V4LSB2/00ZDVIB)",Monitor,,,,,,,,,,,,,
339,430356LEPL104,MO-0143,"Monitor LED 18.5""Philips 196V4LSB2/00ZDVIB)",Monitor,,,,,,,,,,,,,
340,430356LEPL105,MO-0144,"Monitor LED 18.5""Philips 196V4LSB2/00ZDVIB)",Monitor,,,,,,,,,,,,,
341,430356LEPL106,MO-0145,"Monitor LED 18.5"" Philips 196V4LSB2/00(DVI,B)",Monitor,,,,,,,,,,,,,
342,430356LEPL107,MO-0146,"Monitor LED 18.5"" PHILIPS 196V4LSB2 / 00 (DVI,B)",Monitor,,,,,,,,,,,,,
343,430356LEPL108,MO-0147,"Monitor LED 18.5""Philips 196V4LSB2/00 ZDVI,B)",Monitor,,,,,,,,,,,,,
344,430356LEPL110,MO-0149,"Monitor LED 18.5""Philips 196V4LSB2/00 ZDVI,B)",Monitor,,,,,,,,,,,,,
345,430356LCLG111,MO-0150,"Monitor LG 18.5 """,Monitor,,,,,,,,,,,,,
346,430356LCLG112,MO-0151,"Monitor LG 18.5""",Monitor,,,,,,,,,,,,,
347,430355LEHP113,MO-0153,"Monitor HP LED 20"" TSS-20X11 ",Monitor,,,,,,,,,,,,,
348,430355LCHP114,MO-0154,"Monitor HP LCD HP2011S 20""",Monitor,,,,,,,,,,,,,
349,430355LEHP115,MO-0155,"Monitor HP LED 20""",Monitor,,,,,,,,,,,,,
350,430355LELG116,MO-0156,"Monitor LG LED 17""",Monitor,,,,,,,,,,,,,
351,430355LESS049,MO-0161,"Monitor Samsung S20""",Monitor,,,,,,,,,,,,,
352,430358LEHP120,MO-0162,"LED 19.45'' HP 20WD F4Z63AS#A2K (DVI, B) ",Monitor,,,,,,,,,,,,,
353,430358LEHP121,MO-0163,"LED 19.45'' HP 20WD F4Z63AS#A2K (DVI, B)",Monitor,,,,,,,,,,,,,
354,430358LEHP122,MO-0164,"LED 19.45'' HP 20WD F4Z63AS#A2K (DVI, B)",Monitor,,,,,,,,,,,,,
355,430358LEHP123,MO-0165,"LED 19.45'' HP 20WD F4Z63AS#A2K (DVI, B)",Monitor,,,,,,,,,,,,,
356,430358LCHP124,MO-0166,"HP 19.45"" LED Backlit LCD withou Speaker",Monitor,,,,,,,,,,,,,
357,430358LEHP125,MO-0167,"HP 19.45"" LED Backlit LCD withou Speaker",Monitor,,,,,,,,,,,,,
358,430358LEHP126,MO-0168,"HP 19.45"" LED Backlit LCD withou Speaker",Monitor,,,,,,,,,,,,,
359,430358LEAC127,MO-0169,"LED 19.5"" ACER G206HQLGbd (DVI B) ",Monitor,,,,,,,,,,,,,
360,430358LEAC128,MO-0170,"LED 19.5"" ACER G206HQLGbd (DVI B) ",Monitor,,,,,,,,,,,,,
361,430358LEAC130,MO-0172,"LED 19.5"" ACER G206HQLGbd (DVI B) ",Monitor,,,,,,,,,,,,,
362,430358LEPL131,MO-0173,"LED 21.5"" PHILIPS 223V5LSB2/00 (DVI B)",Monitor,,,,,,,,,,,,,
363,430358LCLG133,MO-0176,Monitor LG 20M37D-B,Monitor,,,,,,,,,,,,,
364,430358LCLG135,MO-0178,Monitor LG 20M37D-B,Monitor,,,,,,,,,,,,,
365,430359LEAC142,MO-0185,"LED 19.5 ACER G206HQLGbd (DVI,B)",Monitor,,,,,,,,,,,,,
366,430359LEAC143,MO-0186,"LED 19.5 ACER G206HQLGbd (DVI,B)",Monitor,,,,,,,,,,,,,
367,430359LEAC146,MO-0189,"จอ LED 19.5"" ACER (G206HQLGbd+DVI) B",Monitor,,,,,,,,,,,,,
368,430359LEAC147,MO-0190,"จอ LED 19.5"" ACER (G206HQLGbd+DVI) B",Monitor,,,,,,,,,,,,,
369,430359LEAC148,MO-0191,Monitor LED 19.5'' ACER,Monitor,,,,,,,,,,,,,
370,430359LEAC149,MO-0192,"จอ LED 19.5"" ACER (G206HQLGbd+DVI) B",Monitor,,,,,,,,,,,,,
371,430359LEAC150,MO-0193,"จอ LED 19.5"" ACER (G206HQLGbd+DVI) B",Monitor,,,,,,,,,,,,,
372,430359LEAC151,MO-0194,"Monitor Acer Led 19.5"" G206HQLGbd ",Monitor,,,,,,,,,,,,,
373,430359LEAC154,MO-0197,"Monitor Acer Led 19.5"" G206HQLGbd ",Monitor,,,,,,,,,,,,,
374,430359LEAC155,MO-0198,"Monitor Acer Led 19.5"" G206HQLGbd ",Monitor,,,,,,,,,,,,,
375,430359LEAC157,MO-0200,"Monitor Acer Led 19.5"" G206HQLGbd ",Monitor,,,,,,,,,,,,,
376,430359LEAC158,MO-0201,"Monitor Acer Led 19.5"" G206HQLGbd ",Monitor,,,,,,,,,,,,,
377,430359LEAC159,MO-0202,"Monitor Acer Led 19.5"" G206HQLGbd ",Monitor,,,,,,,,,,,,,
378,430359LEAC160,MO-0203,Monitor Acer Led 19.5,Monitor,,,,,,,,,,,,,
379,430359LEAC161,MO-0204,Monitor Acer Led 19.5,Monitor,,,,,,,,,,,,,
380,430359LEAC162,MO-0205,Monitor LED 19.5'' ACER,Monitor,,,,,,,,,,,,,
381,430359LEAC163,MO-0206,Monitor LED 19.5'' ACER ,Monitor,,,,,,,,,,,,,
382,430359LEAC165,MO-0208,Monitor LED 19.5'' ACER G206HQLGbd ,Monitor,,,,,,,,,,,,,
383,430359LEAC166,MO-0209,Monitor LED 19.5'' ACER G206HQLGbd ,Monitor,,,,,,,,,,,,,
384,430359LEAC167,MO-0210,"จอ Monitor LED 19.5'' ACER G206HQLGbd (DVI, B)",Monitor,,,,,,,,,,,,,
385,430359LEAC168,MO-0211,"Monitor - LED 19.5"" ACER",Monitor,,,,,,,,,,,,,
386,430359LEAC169,MO-0212,"Monitor - LED 19.5"" ACER",Monitor,,,,,,,,,,,,,
387,430359LEAC170,MO-0213,"MONITOR LED 19.5"" S200HQL",Monitor,,,,,,,,,,,,,
388,430359LEAC171,MO-0214,"MONITOR LED 19.5"" S200HQL",Monitor,,,,,,,,,,,,,
389,430359LEAC172,MO-0215,"MONITOR LED 19.5"" S200HQL",Monitor,,,,,,,,,,,,,
390,430359LEAC173,MO-0216,Monitor LED 19.5'' ACER,Monitor,,,,,,,,,,,,,
391,430359LEAC174,MO-0217,Monitor LED 19.5'' ACER,Monitor,,,,,,,,,,,,,
392,430359LEAC175,MO-0218,Monitor LED 19.5'' ACER,Monitor,,,,,,,,,,,,,
393,430359LEAC176,MO-0219,Monitor LED 19.5'' ACER ,Monitor,,,,,,,,,,,,,
394,430359LEAC178,MO-0221,Monitor LED 19.5'' ACER ,Monitor,,,,,,,,,,,,,
395,430359LEAC179,MO-0222,Monitor LED 19.5'' ACER ,Monitor,,,,,,,,,,,,,
396,430359LEAC181,MO-0223,Monitor LED 19.5'' ACER ,Monitor,,,,,,,,,,,,,
397,430359LEAC182,MO-0224,Monitor LED 19.5'' ACER ,Monitor,,,,,,,,,,,,,
398,430359LEAC183,MO-0225,Monitor LED 19.5'' ACER ,Monitor,,,,,,,,,,,,,
399,430359LEAC187,MO-0229,Monitor LED 19.5'' ACER ,Monitor,,,,,,,,,,,,,
400,430360LESS189,MO-0231,"Monitor LED 19.5"" Samsung",Monitor,,,,,,,,,,,,,
401,430360LESS190,MO-0232,"Monitor LED 19.5"" Samsung",Monitor,,,,,,,,,,,,,
402,430360LESS191,MO-0233,"Monitor LED 19.5"" Samsung",Monitor,,,,,,,,,,,,,
403,430360LEPL192,MO-0234,"Monitor LED 23.8"" Philips",Monitor,,,,,,,,,,,,,
404,430360LELG193,MO-0235,"Monitor LED 21.5"" LG (22M47D-P+DVI) B",Monitor,,,,,,,,,,,,,
405,430360LELV194,MO-0236,"Monitor LED 21.5"" Lenovo (LI2215s+SU1H5579T)",Monitor,,,,,,,,,,,,,
406,430360LEAC195,MO-0237,"Monitor LED 19.5"" Acer",Monitor,,,,,,,,,,,,,
407,430361LEAC196,MO-0238,"Monitor LED 19.5"" Acer",Monitor,,,,,,,,,,,,,
408,430362LEAC197,MO-0239,"Monitor LED 19.5"" Acer",Monitor,,,,,,,,,,,,,
409,430363LEAC001,MO-0240,"Monitor 21.5'' ACER K222HQLbd (TN, DVI)",Monitor,,,,,,,,,,,,,
410,430363LEAC002,MO-0241,"Monitor 21.5'' ACER K222HQLbd (TN, DVI)",Monitor,,,,,,,,,,,,,
411,430363LELG003,MO-0242,"Monitor 23.8'' LG 24MK430H-B (IPS, HDMI)",Monitor,,,,,,,,,,,,,
412,430363LEMSI004,MO-0243,Monitor 21.5'' MSI PRO MP221,Monitor,,,,,,,,,,,,,
413,430363LEAC005,MO-0244,Monitor 21.5'' ACER 8A220QB,Monitor,,,,,,,,,,,,,
414,430363LESS006,MO-0245,"Monitor 23.8'' SAMSUNG LS24R350FHEXXT (IPS, HDMI) 75Hz",Monitor,,,,,,,,,,,,,
415,430363LEAC007,MO-0246,"Monitor 23.8'' ACER SA240YAbmi (IPS, HDMI)",Monitor,,,,,,,,,,,,,
416,430363LEAC008,MO-0247,"Monitor 23.8'' ACER SA240YAbmi (IPS, HDMI)",Monitor,,,,,,,,,,,,,
417,430364LEHP001,MO-0248,Monitor 23.8'' HP V24i,Monitor,,,,,,,,,,,,,
418,430364LESS002,MO-0249,"SAMSUNG LS24A310NHEXXT 24"" VA FHD 60Hz",Monitor,,,,,,,,,,,,,
419,430364LESS003,MO-0250,"SAMSUNG LS24A310NHEXXT 24"" VA FHD 60Hz",Monitor,,,,,,,,,,,,,
420,430364LESS004,MO-0251,"SAMSUNG LS24A310NHEXXT 24"" VA FHD 60Hz",Monitor,,,,,,,,,,,,,
421,430364LESS005,MO-0252,"SAMSUNG LS24A310NHEXXT 24"" VA FHD 60Hz",Monitor,,,,,,,,,,,,,
422,430364LESS006,MO-0253,"SAMSUNG LS24A310NHEXXT 24"" VA FHD 60Hz",Monitor,,,,,,,,,,,,,
423,430364LEAC007,MO-0254,Monitor 19.5'' ACER K202HQL Abd,Monitor,,,,,,,,,,,,,
424,430364LEAC009,MO-0256,Monitor 19.5'' ACER K202HQL Abd,Monitor,,,,,,,,,,,,,
425,430364LEAC010,MO-0257,Monitor 19.5'' ACER K202HQL Abd,Monitor,,,,,,,,,,,,,
426,430364LEAC011,MO-0258,Monitor 19.5'' ACER K202HQL Abd,Monitor,,,,,,,,,,,,,
427,430364LEAC012,MO-0259,Monitor 19.5'' ACER K202HQL Abd,Monitor,,,,,,,,,,,,,
428,430364LEAC013,MO-0260,Monitor 19.5'' ACER K202HQL Abd,Monitor,,,,,,,,,,,,,
429,430364LEAC014,MO-0261,Monitor 19.5'' ACER K202HQL Abd,Monitor,,,,,,,,,,,,,
430,430364LEAC015,MO-0262,Monitor 19.5'' ACER K202HQL Abd,Monitor,,,,,,,,,,,,,
431,430364LEAC016,MO-0263,Monitor 19.5'' ACER K202HQL Abd,Monitor,,,,,,,,,,,,,
432,430364LELG017,MO-0264,"Monitor 23.8'' LG 24MK600M-B (IPS, HDMI) 75 Hz",Monitor,,,,,,,,,,,,,
433,430365LEAC001,MO-0265,"Monitor 23.8'' ACER EK240YCbi (VA, VGA, HDMI) 75Hz",Monitor,,,,,,,,,,,,,
434,430366LEDELL001,MO-0266,"Monitor 27'' DELL SE2722H (VA, VGA, HDMI) FreeSync 75Hz",Monitor,,,,,,,,,,,,,
435,430366LESS002,MO-0267,"Monitor 24 SAMSUNG LS24C310EAEXXT (IPS, VGA, HDMI) FREESYNC 75Hz",Monitor,,,,,,,,,,,,,
436,430367LEDMSI001,MO-0268,"Monitor 23.8 MSI PRO MP2412 (VA, HDMI, DP) 100Hz",Monitor,,,,,,,,,,,,,
437,430367LEDMSI002,MO-0269,"Monitor 23.8 MSI PRO MP2412 (VA, HDMI, DP) 100Hz",Monitor,,,,,,,,,,,,,
438,430367LEDAC003,MO-0270,"Monitor 23.8'' ACER VG240YEbmipx (IPS, HDMI, SPK) FREESYNC 100Hz",Monitor,,,,,,,,,,,,,
439,430368LEDMSI001,MO-0271,"MONITOR 24.5'' MSI PRO MP251L E2 (IPS, HDMI ,VGA) 120Hz",Monitor,,,,,,,,,,,,,
440,430368LEDMSI002,MO-0272,"MONITOR 24.5'' MSI PRO MP251L E2 (IPS, HDMI ,VGA) 120Hz",Monitor,,,,,,,,,,,,,
441,430368LEDMSI003,MO-0273,"MONITOR 24.5'' MSI PRO MP251L E2 (IPS, HDMI ,VGA) 120Hz",Monitor,,,,,,,,,,,,,
442,430368LEDMSI004,MO-0274,"MONITOR 24.5'' MSI PRO MP251L E2 (IPS, HDMI ,VGA) 120Hz",Monitor,,,,,,,,,,,,,
443,430368LEDMSI005,MO-0275,"MONITOR 24.5'' MSI PRO MP251L E2 (IPS, HDMI ,VGA) 120Hz",Monitor,,,,,,,,,,,,,
444,430368LEDMSI006,MO-0276,"MONITOR 24.5'' MSI PRO MP251L E2 (IPS, HDMI ,VGA) 120Hz",Monitor,,,,,,,,,,,,,
445,430368LEDMSI007,MO-0277,"MONITOR 24.5'' MSI PRO MP251L E2 (IPS, HDMI ,VGA) 120Hz",Monitor,,,,,,,,,,,,,
446,430368LEDMSI008,MO-0278,"MONITOR 24.5'' MSI PRO MP251L E2 (IPS, HDMI ,VGA) 120Hz",Monitor,,,,,,,,,,,,,
447,430368LEDMSI009,MO-0279,"MONITOR 24.5'' MSI PRO MP251L E2 (IPS, HDMI ,VGA) 120Hz",Monitor,,,,,,,,,,,,,
448,430368LEDMSI010,MO-0280,"MONITOR 24.5'' MSI PRO MP251L E2 (IPS, HDMI ,VGA) 120Hz",Monitor,,,,,,,,,,,,,
449,430368LEDMSI011,MO-0281,"Monitor 24.5 MSI PRO MP251L E2 (IPS, HDMI, VGA) 120Hz",Monitor,,,,,,,,,,,,,
450,430368LEDMSI012,MO-0282,"Monitor 24.5 MSI PRO MP251L E2 (IPS, HDMI, VGA) 120Hz",Monitor,,,,,,,,,,,,,
451,430368LEDMSI013,MO-0283,"Monitor 24.5 MSI PRO MP251L E2 (IPS, HDMI, VGA) 120Hz",Monitor,,,,,,,,,,,,,
452,430368LEDMSI014,MO-0284,"Monitor 24.5 MSI PRO MP251L E2 (IPS, HDMI, VGA) 120Hz",Monitor,,,,,,,,,,,,,
453,430554DTES075,PD-0001,EPSON LQ 300+,Printer,,,,,,,,,,,,,
454,430555DTES077,PD-0004,EPSON LQ 300+,Printer,,,,,,,,,,,,,
455,430556DTES078,PD-0006,EPSON LQ-310,Printer,,,,,,,,,,,,,
456,430564DTES001,PD-0007,EPSON LQ-310,Printer,,,,,,,,,,,,,
457,430566DTES001,PD-0008,EPSON LQ-310,Printer,,,,,,,,,,,,,
458,430555PTHP006,PI-0011,HP Designjet 510,Plotter,,,,,,,,,,,,,
459,0,PI-0056,Printer Hp Designjet 500 mono ,Plotter,,,,,,,,,,,,,
460,430556IJHP079,PI-0058,Printer Hp Designjet 500 Mono,Plotter,,,,,,,,,,,,,
461,430556IJCN015,PI-0060,Printer CANON A4 PIXMA MP 237 ,Printer,,,,,,,,,,,,,
462,430558IJHP033,PI-0098,Printer HP Deskjet Ink 1015,Printer,,,,,,,,,,,,,
463,430558IJES034,PI-0099,EPSON L220 + INK TANK,Printer,,,,,,,,,,,,,
464,430558IJES035,PI-0100,EPSON L220 + INK TANK,Printer,,,,,,,,,,,,,
465,430558IJHP036,PI-0104,HP Officejet 7510,Printer,,,,,,,,,,,,,
466,430558IJHP040,PI-0108,HP Officejet 7510,Printer,,,,,,,,,,,,,
467,430559IJBT042,PI-0110,Printer Brother MFC-J3520 ,Printer,,,,,,,,,,,,,
468,430559PTHP047,PI-0116,HP Desingjet T120,Plotter,,,,,,,,,,,,,
469,430559IJES049,PI-0118,Epson L565+Tank,Printer,,,,,,,,,,,,,
470,430559IJES052,PI-0121,Epson L310+Tank แบบเติมน้ำ,Printer,,,,,,,,,,,,,
471,430559IJES053,PI-0122,Epson L1300+Tank,Printer,,,,,,,,,,,,,
472,430559IJES055,PI-0124,Epson L565+Tank,Printer,,,,,,,,,,,,,
473,430555IJCN057,PI-0126,Canon Printer MP287,Printer,,,,,,,,,,,,,
474,430560IJHP083,PI-0130,HP Officejet 7510,Printer,,,,,,,,,,,,,
475,430562IJBT088,PI-0137,Brother MFC-J2330DW,Printer,,,,,,,,,,,,,
476,430562IJBT090,PI-0139,Brother MFC-J2330DW,Printer,,,,,,,,,,,,,
477,430562IJBT091,PI-0140,Brother MFC-J2330DW,Printer,,,,,,,,,,,,,
478,430562IJBT093,PI-0142,Brother MFC-J2330DW,Printer,,,,,,,,,,,,,
479,430562IJBT094,PI-0143,Brother MFC-J2330DW,Printer,,,,,,,,,,,,,
480,430562IJEP096,PI-0145,Ink (All-in-one) EPSON L3110 + Ink Tank,Printer,,,,,,,,,,,,,
481,430562IJBT097,PI-0146,Brother MFC-J2330DW,Printer,,,,,,,,,,,,,
482,430562IJBT098,PI-0147,Brother MFC-J2330DW,Printer,,,,,,,,,,,,,
483,430564IJHP002,PI-0149,HP Designjet T650 24 inch Printer,Printer,,,,,,,,,,,,,
484,430565IJBT001,PI-0151,Brother MFC-J2730DW,Printer,,,,,,,,,,,,,
485,430566IJBT001,PI-0153,Ink (All-in-one) BROTHER MFC-J2340DW,Printer,,,,,,,,,,,,,
486,430554LSHP058,PL-0002,HP Laserjet p1102w,Printer,,,,,,,,,,,,,
487,430556PTKI063,PL-0009,KIP 700M,Plotter,,,,,,,,,,,,,
488,430556LSHP064,PL-0010,HP Laserjet p1102w,Printer,,,,,,,,,,,,,
489,430558LSHP067,PL-0016,HP Laserjet p1102w,Printer,,,,,,,,,,,,,
490,430558LSHP069,PL-0019,HP laserJet Pro MFP M125a,Printer,,,,,,,,,,,,,
491,430558LSHP071,PL-0021,Printer FUJI-XEROX Color CM305df,Printer,,,,,,,,,,,,,
492,430559LSFJ072,PL-0022,Fuji Xerox Docuprnt P265DW,Printer,,,,,,,,,,,,,
493,430559LSFJ073,PL-0024,Fuji Xerox Docuprnt P265DW,Printer,,,,,,,,,,,,,
494,430561PTKI075,PL-0026,เครื่องพิมพ์แบบแปลนระบบ LED KIP 7170,Plotter,,,,,,,,,,,,,
495,430563CPFI001,PL-0027,เครื่องถ่ายเอกสาร Fuji Xerox DocuCentre C3374 (465431),Plotter,,,,,,,,,,,,,
496,430563CPFI002,PL-0028,เครื่องถ่ายเอกสาร Fuji Xerox DocuCentre C2263 (467901),Plotter,,,,,,,,,,,,,
497,430563CPFI003,PL-0029,เครื่องถ่ายเอกสาร Fuji Xerox DocuCentre C2263 (467902),Plotter,,,,,,,,,,,,,
498,430563CPFI004,PL-0030,เครื่องถ่ายเอกสาร Fuji Xerox DocuCentre C2263 (4519299),Plotter,,,,,,,,,,,,,
499,430563CPFI005,PL-0031,เครื่องถ่ายเอกสาร Fuji Xerox DocuCentre C2263 (465599),Plotter,,,,,,,,,,,,,
500,430563CPFI006,PL-0032,เครื่องถ่ายเอกสาร Fuji Xerox DocuCentre C2263 (470461),Plotter,,,,,,,,,,,,,
501,43065686AC001,PRO-0003,Projector ACER P1163,Projector,,,,,,,,,,,,,
502,43065786AC002,PRO-0004,Projector ACER P1163,Projector,,,,,,,,,,,,,
503,43065817OP005,PRO-0005,Projector Optoma,Projector,,,,,,,,,,,,,
504,43065886BQ003,PRO-0007,Projector Benq MS506,Projector,,,,,,,,,,,,,
505,43065886ES004,PRO-0008,Projector Epson EB-S04,Projector,,,,,,,,,,,,,
506,43066286SN005,PRO-0009,เครื่องฉายโปรเจคเตอร์ 5000 Lumens SONY,Projector,,,,,,,,,,,,,
507,,PRO-0010,เครื่องฉาย กม.5,Projector,,,,,,,,,,,,,
508,43066486BQ001,PRO-0011,Projector BenQ MX535,Projector,,,,,,,,,,,,,
509,43066486AC002,PRO-0012,Projector Acer X1327Wi,Projector,,,,,,,,,,,,,
510,43066886BQ001,PRO-0013,Projector BENQ MW560,Projector,,,,,,,,,,,,,
511,430160SVLV191,SV-0001,Server Lenovo System X3650 M5,Server,,,,,,,,,,,,,
512,430162SVLV001,SV-0002,Lenovo System x3250 M6 HS LFF ,Server,,,,,,,,,,,,,
513,430163SVHP001,SV-0003,HPE PROLIANT DL380 Gen10,Server,,,,,,,,,,,,,
514,43045510ST001,UPS-0001,UPS System 1000 VA,UPS,,,,,,,,,,,,,
515,43045510ST002,UPS-0002,UPS 1000VA SYSTEM Bull (LCD),UPS,,,,,,,,,,,,,
516,43045510ST004,UPS-0004,UPS System 1000 VA,UPS,,,,,,,,,,,,,
517,43045510ST005,UPS-0005,UPS System 1000 VA,UPS,,,,,,,,,,,,,
518,43045510ST007,UPS-0007,UPS System 1000 VA,UPS,,,,,,,,,,,,,
519,43045510ST008,UPS-0008,UPS System 1000 VA,UPS,,,,,,,,,,,,,
520,43045510ST012,UPS-0012,UPS System 1000 VA,UPS,,,,,,,,,,,,,
521,43045610ST014,UPS-0017,UPS System Light 1000VA,UPS,,,,,,,,,,,,,
522,43045610ST015,UPS-0018,UPS System Light 1000VA,UPS,,,,,,,,,,,,,
523,43045680SD019,UPS-0023,UPS Synsome S9,UPS,,,,,,,,,,,,,
524,43045680SD020,UPS-0024,UPS Synsome S9,UPS,,,,,,,,,,,,,
525,43045680SD022,UPS-0025,UPS Synsome S9,UPS,,,,,,,,,,,,,
526,43045510ST023,UPS-0033,UPS System 1000 VA,UPS,,,,,,,,,,,,,
527,43045510ST024,UPS-0036,UPS System 1000 VA,UPS,,,,,,,,,,,,,
528,43045510ST025,UPS-0037,UPS System 1000 VA,UPS,,,,,,,,,,,,,
529,43045510ST029,UPS-0042,UPS 1000VA SYSTEM Bull (LCD),UPS,,,,,,,,,,,,,
530,43045510ST030,UPS-0043,UPS 1000VA SYSTEM Bull (LCD),UPS,,,,,,,,,,,,,
531,43045510ST035,UPS-0049,UPS System 1000 VA,UPS,,,,,,,,,,,,,
532,43045510ST036,UPS-0050,UPS System 1000 VA,UPS,,,,,,,,,,,,,
533,43045510ST037,UPS-0052,UPS 1000VA SYSTEM Bull (LCD),UPS,,,,,,,,,,,,,
534,43045510ST039,UPS-0054,UPS System 1000 VA,UPS,,,,,,,,,,,,,
535,43045410SB042,UPS-0057,UPS Stable Line 1000VA,UPS,,,,,,,,,,,,,
536,43045610ST046,UPS-0063,UPS System 1000 VA,UPS,,,,,,,,,,,,,
537,43045510ST051,UPS-0070,UPS System 1000 VA,UPS,,,,,,,,,,,,,
538,43045610ST052,UPS-0071,UPS System 1000 VA,UPS,,,,,,,,,,,,,
539,43045610ST060,UPS-0089,UPS System 1000 VA,UPS,,,,,,,,,,,,,
540,43045610ST058,UPS-0091,UPS System 1000 VA,UPS,,,,,,,,,,,,,
541,43045610SB063,UPS-0097,UPS Stable Line 1000VA,UPS,,,,,,,,,,,,,
542,43045510ST064,UPS-0098,UPS System 1000 VA,UPS,,,,,,,,,,,,,
543,43045510ST065,UPS-0104,UPS System 1000 VA,UPS,,,,,,,,,,,,,
544,43045610SB068,UPS-0108,UPS Stable Line 1000VA,UPS,,,,,,,,,,,,,
545,43045610SB070,UPS-0110,UPS Stable Line 1000VA,UPS,,,,,,,,,,,,,
546,UPS-0111,UPS-0111,UPS Stable Line 1000VA,UPS,,,,,,,,,,,,,
547,43045610ST180,UPS-0112,UPS System 1000 VA,UPS,,,,,,,,,,,,,
548,43045610ST071,UPS-0113,UPS System 1000 VA,UPS,,,,,,,,,,,,,
549,43045610SB074,UPS-0117,UPS Stable Line 1000VA (UPS-0118),UPS,,,,,,,,,,,,,
550,43045610ST086,UPS-0136,UPS System 1000 VA,UPS,,,,,,,,,,,,,
551,43045610ST087,UPS-0140,UPS System 1000 VA,UPS,,,,,,,,,,,,,
552,43045510ST092,UPS-0145,UPS System Light 1000VA,UPS,,,,,,,,,,,,,
553,43045810ST167,UPS-0153,UPS 1000VA SYSTEM Bull (LCD),UPS,,,,,,,,,,,,,
554,43045810ST169,UPS-0155,UPS 1000VA SYSTEM Bull (LCD),UPS,,,,,,,,,,,,,
555,43045810ST099,UPS-0156,UPS 1000VA SYSTEM Bull (LCD),UPS,,,,,,,,,,,,,
556,43045810ST100,UPS-0157,UPS 1000VA SYSTEM Bull (LCD),UPS,,,,,,,,,,,,,
557,43045810ST102,UPS-0159,UPS 1000VA SYSTEM Bull (LCD),UPS,,,,,,,,,,,,,
558,43045810ST103,UPS-0160,UPS 1000VA SYSTEM Bull (LCD),UPS,,,,,,,,,,,,,
559,43045810ST111,UPS-0162,UPS 1000VA SYSTEM Bull (LCD),UPS,,,,,,,,,,,,,
560,43045810ST106,UPS-0164,UPS 1000VA SYSTEM Bull (LCD),UPS,,,,,,,,,,,,,
561,UPS-0169,UPS-0169,UPS 1000VA SYSTEM Bull (LCD),UPS,,,,,,,,,,,,,
562,43045810ST112,UPS-0170,UPS 1000VA SYSTEM Bull (LCD),UPS,,,,,,,,,,,,,
563,43045810ST113,UPS-0171,UPS 1000VA SYSTEM Bull (LCD),UPS,,,,,,,,,,,,,
564,UPS-0173,UPS-0173,UPS 1000VA SYSTEM Bull (LCD),UPS,,,,,,,,,,,,,
565,43045810ST116,UPS-0177,UPS 1000VA SYSTEM Bull (LCD),UPS,,,,,,,,,,,,,
566,43045810ST119,UPS-0180,UPS 1000VA SYSTEM Bull (LCD),UPS,,,,,,,,,,,,,
567,43045810ST122,UPS-0183,UPS 1000VA SYSTEM Bull (LCD),UPS,,,,,,,,,,,,,
568,43045810ST124,UPS-0185,UPS 1000VA SYSTEM Bull (LCD),UPS,,,,,,,,,,,,,
569,UPS-0186,UPS-0186,UPS 1000VA SYSTEM Bull (LCD),UPS,,,,,,,,,,,,,
570,43045810ST126,UPS-0187,UPS 1000VA SYSTEM Bull (LCD),UPS,,,,,,,,,,,,,
571,43045810ST128,UPS-0190,UPS 1000VA SYSTEM Bull (LCD),UPS,,,,,,,,,,,,,
572,43045810ST133,UPS-0195,UPS System 1000 VA,UPS,,,,,,,,,,,,,
573,43045910ET136,UPS-0199,UPS 1000VA ETECH Ego (LCD),UPS,,,,,,,,,,,,,
574,43045910ET138,UPS-0201,UPS 1000VA ETECH Ego (LCD),UPS,,,,,,,,,,,,,
575,43045910ET140,UPS-0203,UPS 1000VA ETECH Ego (LCD),UPS,,,,,,,,,,,,,
576,43045985ST141,UPS-0204,UPS System 850 VA,UPS,,,,,,,,,,,,,
577,43045985ST145,UPS-0205,UPS System 850 VA,UPS,,,,,,,,,,,,,
578,43045985ST178,UPS-0206,UPS System 850 VA,UPS,,,,,,,,,,,,,
579,43045985ST143,UPS-0207,UPS System 850 VA,UPS,,,,,,,,,,,,,
580,43045985ST144,UPS-0210,UPS System 850 VA,UPS,,,,,,,,,,,,,
581,43045985ST146,UPS-0212,UPS System 850 VA,UPS,,,,,,,,,,,,,
582,43045910ST149,UPS-0215,UPS System 1000 VA,UPS,,,,,,,,,,,,,
583,43045910ST153,UPS-0219,UPS System 1000 VA,UPS,,,,,,,,,,,,,
584,43045910ET155,UPS-0221,UPS 1000VA ETECH Ego (LCD),UPS,,,,,,,,,,,,,
585,43045910ST156,UPS-0222,UPS System 1000 VA,UPS,,,,,,,,,,,,,
586,43045910ST158,UPS-0224,UPS System 1000 VA,UPS,,,,,,,,,,,,,
587,43045910ST159,UPS-0225,UPS 1000VA SYSTEM Bull (LCD),UPS,,,,,,,,,,,,,
588,43045910ST161,UPS-0227,UPS 1000VA SYSTEM Bull (LCD),UPS,,,,,,,,,,,,,
589,43045910ST162,UPS-0228,UPS 1000VA SYSTEM Bull (LCD),UPS,,,,,,,,,,,,,
590,43045910ST171,UPS-0233,UPS System 850 VA,UPS,,,,,,,,,,,,,
591,43045910ST173,UPS-0234,UPS 1000VA SYSTEM Bull (LCD),UPS,,,,,,,,,,,,,
592,43046010SD181,UPS-0239,UPS 1000 VA Syndome Premium-1000,UPS,,,,,,,,,,,,,
593,43046010SD182,UPS-0240,UPS 1000 VA Syndome Premium-1000,UPS,,,,,,,,,,,,,
594,43046010SD183,UPS-0241,UPS 1000 VA Syndome Premium-1000,UPS,,,,,,,,,,,,,
595,43046080SD184,UPS-0242,UPS 800 VA Syndome Mini,UPS,,,,,,,,,,,,,
596,43046080SD185,UPS-0243,UPS 800 VA Syndome Mini,UPS,,,,,,,,,,,,,
597,43046080SD186,UPS-0244,UPS 800 VA Syndome Mini,UPS,,,,,,,,,,,,,
598,43046080SD187,UPS-0245,UPS 800 VA Syndome Mini,UPS,,,,,,,,,,,,,
599,43046080SD188,UPS-0246,UPS 800 VA Syndome Mini,UPS,,,,,,,,,,,,,
600,43046080SD189,UPS-0247,USP 800VA 'Syndome' Premium,UPS,,,,,,,,,,,,,
601,43046080SD190,UPS-0248,USP 800VA 'Syndome' Premium,UPS,,,,,,,,,,,,,
602,43046080SD191,UPS-0249,USP 800VA 'Syndome' Premium,UPS,,,,,,,,,,,,,
603,43046080SD193,UPS-0251,USP 800VA 'Syndome' Premium,UPS,,,,,,,,,,,,,
604,43046080SD194,UPS-0252,USP 800VA 'Syndome' Premium,UPS,,,,,,,,,,,,,
605,43046080SD195,UPS-0253,USP 800VA 'Syndome' Premium,UPS,,,,,,,,,,,,,
606,43046080SD196,UPS-0254,USP 800VA 'Syndome' Premium,UPS,,,,,,,,,,,,,
607,43046080SD198,UPS-0256,USP 800VA 'Syndome' Premium,UPS,,,,,,,,,,,,,
608,43046080SD200,UPS-0258,USP 800VA 'Syndome' Premium,UPS,,,,,,,,,,,,,
609,43046080SD201,UPS-0259,USP 800VA 'Syndome' Premium,UPS,,,,,,,,,,,,,
610,43046080SD203,UPS-0261,USP 800VA 'Syndome' Premium,UPS,,,,,,,,,,,,,
611,43046080SD204,UPS-0262,USP 800VA 'Syndome' Premium,UPS,,,,,,,,,,,,,
612,43046080SD205,UPS-0263,USP 800VA 'Syndome' Premium,UPS,,,,,,,,,,,,,
613,43046080SD208,UPS-0266,USP 800VA 'Syndome' Premium,UPS,,,,,,,,,,,,,
614,43046080SD209,UPS-0267,USP 800VA 'Syndome' Premium,UPS,,,,,,,,,,,,,
615,43046080SD211,UPS-0269,USP 800VA 'Syndome' Premium,UPS,,,,,,,,,,,,,
616,43046080SD212,UPS-0270,USP 800VA 'Syndome' Premium,UPS,,,,,,,,,,,,,
617,43046080SD213,UPS-0271,USP 800VA 'Syndome' Premium,UPS,,,,,,,,,,,,,
618,43046080SD214,UPS-0272,USP 800VA 'Syndome' Premium,UPS,,,,,,,,,,,,,
619,43046080SD215,UPS-0273,USP 800VA 'Syndome' Premium,UPS,,,,,,,,,,,,,
620,43046080SD216,UPS-0274,USP 800VA 'Syndome' Premium,UPS,,,,,,,,,,,,,
621,43046112SU217,UPS-0275,UPS 1200VA Sun Micro (LCD),UPS,,,,,,,,,,,,,
622,43046180SD218,UPS-0276,USP 800VA 'Syndome' ECO,UPS,,,,,,,,,,,,,
623,43046280SD220,UPS-0278,USP 800VA 'Syndome' ECO,UPS,,,,,,,,,,,,,
624,43046380ET002,UPS-0283,UPS 1000VA Etech Thor,UPS,,,,,,,,,,,,,
625,43046380ET004,UPS-0285,UPS 1000VA Etech Thor,UPS,,,,,,,,,,,,,
626,43046380ET005,UPS-0286,UPS 1000VA Etech Thor,UPS,,,,,,,,,,,,,
627,43046380ET006,UPS-0287,UPS 1000VA Etech Thor,UPS,,,,,,,,,,,,,
628,43046380ET010,UPS-0291,UPS 1000VA Etech Thor,UPS,,,,,,,,,,,,,
629,43046380SD011,UPS-0292,UPS 800VA 'Syndome' Premium,UPS,,,,,,,,,,,,,
630,43046308OSD012,UPS-0293,UPS 800VA 'Syndome' Premium,UPS,,,,,,,,,,,,,
631,43046308OSD013,UPS-0294,UPS 800VA 'Syndome' Premium,UPS,,,,,,,,,,,,,
632,43046380SD014,UPS-0295,UPS 800VA 'Syndome' Premium,UPS,,,,,,,,,,,,,
633,43046380VL015,UPS-0296,Vertiv Liebert GXT5 2000,UPS,,,,,,,,,,,,,
634,43046380SD016,UPS-0297,UPS 800VA 'Syndome' Premium,UPS,,,,,,,,,,,,,
635,43046380SD017,UPS-0298,UPS 800VA 'Syndome' Premium,UPS,,,,,,,,,,,,,
636,43046380SD018,UPS-0299,UPS 800VA 'Syndome' Premium,UPS,,,,,,,,,,,,,
637,43046380SD019,UPS-0300,UPS 800VA 'Syndome' Premium,UPS,,,,,,,,,,,,,
638,43046380SD020,UPS-0301,UPS 800VA 'Syndome' Premium,UPS,,,,,,,,,,,,,
639,43046380SD021,UPS-0302,UPS 800VA 'Syndome' Premium,UPS,,,,,,,,,,,,,
640,43046380SD022,UPS-0303,UPS 800VA 'Syndome' Premium,UPS,,,,,,,,,,,,,
641,43046380SD025,UPS-0306,UPS 800VA 'Syndome' Premium,UPS,,,,,,,,,,,,,
642,43046380SD026,UPS-0307,UPS 800VA 'Syndome' Premium,UPS,,,,,,,,,,,,,
643,43046380SD027,UPS-0308,UPS 800VA 'Syndome' Premium,UPS,,,,,,,,,,,,,
644,43046380SD029,UPS-0310,UPS 800VA 'Syndome' Premium,UPS,,,,,,,,,,,,,
645,43046380SD031,UPS-0312,UPS 800VA 'Syndome' Premium,UPS,,,,,,,,,,,,,
646,43046880SD001,UPS-0313,USP 1000VA 'SYNDOME' ECO II 1000,UPS,,,,,,,,,,,,,
647,43046880SD002,UPS-0314,USP 1000VA 'SYNDOME' ECO II 1000,UPS,,,,,,,,,,,,,
648,43046880SD003,UPS-0315,USP 1000VA 'SYNDOME' ECO II 1000,UPS,,,,,,,,,,,,,
649,43046880SD004,UPS-0316,USP 1000VA 'SYNDOME' ECO II 1000,UPS,,,,,,,,,,,,,
650,43046880SD005,UPS-0317,USP 1000VA 'SYNDOME' ECO II 1000,UPS,,,,,,,,,,,,,
651,43156480YMH001,S-001,Mixer YAMAHA MG12XU,audio_set,,,,,,,,,,,,,
652,43156480GG002,S-002,Wireless Microphone Dual Handheld GYGAR IRT WA-586,audio_set,,,,,,,,,,,,,
653,43156480GG003,S-003,Wireless Microphone Dual Handheld GYGAR IRT WA-586,audio_set,,,,,,,,,,,,,
654,43156480GG004,S-004,Wireless Microphone Dual Handheld GYGAR IRT WA-586,audio_set,,,,,,,,,,,,,
655,43156480TOA005,S-005,Power amplifier 60W 100V Line TOA A-2060D,audio_set,,,,,,,,,,,,,
656,,U-0001,UPS 800VA 'Syndome' Premium,UPS,,,,,,,,,,,,,
657,,U-0005,UPS 800VA 'Syndome' Premium,UPS,,,,,,,,,,,,,
658,,U-0006,UPS 800VA 'Syndome' Premium,UPS,,,,,,,,,,,,,
659,,U-0007,UPS 800VA 'Syndome' Premium,UPS,,,,,,,,,,,,,
660,,U-0008,UPS 800VA 'Syndome' Premium,UPS,,,,,,,,,,,,,
661,,U-0009,UPS 800VA 'Syndome' Premium,UPS,,,,,,,,,,,,,
662,,U-0010,UPS 800VA 'Syndome' Premium,UPS,,,,,,,,,,,,,
663,,U-0011,UPS 800VA 'Syndome' Premium,UPS,,,,,,,,,,,,,
664,,U-0012,UPS 800VA 'Syndome' Premium,UPS,,,,,,,,,,,,,
665,,U-0013,UPS 800VA 'Syndome' Premium,UPS,,,,,,,,,,,,,
666,,U-0014,UPS 800VA 'Syndome' Premium,UPS,,,,,,,,,,,,,
667,,U-0015,UPS 800VA 'Syndome' Premium,UPS,,,,,,,,,,,,,
668,,U-0016,UPS 800VA 'Syndome' Premium,UPS,,,,,,,,,,,,,
669,,U-0017,UPS 800VA 'Syndome' Premium,UPS,,,,,,,,,,,,,
670,43046980SD001,UPS-69-001,UPS 1000VA SYNDOME ECO II 1000 LED,UPS,,,,,,,,,,,,,
671,43046980SD002,UPS-69-002,UPS 1000VA SYNDOME ECO II 1000 LED,UPS,,,,,,,,,,,,,
672,43046980SD003,UPS-69-003,UPS 1000VA SYNDOME ECO II 1000 LED,UPS,,,,,,,,,,,,,
673,43046980SD004,UPS-69-004,UPS 1000VA SYNDOME ECO II 1000 LED,UPS,,,,,,,,,,,,,
674,43046980SD005,UPS-69-005,UPS 1000VA SYNDOME ECO II 1000 LED,UPS,,,,,,,,,,,,,
675,43046980SD006,UPS-69-006,UPS 1000VA SYNDOME ECO II 1000 LED,UPS,,,,,,,,,,,,,
676,43046980SD007,UPS-69-007,UPS 1000VA SYNDOME ECO II 1000 LED,UPS,,,,,,,,,,,,,
677,43046980SD008,UPS-69-008,UPS 1000VA SYNDOME ECO II 1000 LED,UPS,,,,,,,,,,,,,
678,43046980SD009,UPS-69-009,UPS 1000VA SYNDOME ECO II 1000 LED,UPS,,,,,,,,,,,,,
679,43046980SD010,UPS-69-010,UPS 1000VA SYNDOME ECO II 1000 LED,UPS,,,,,,,,,,,,,
680,,4391-60-015,กล้อง CCTV IP,CCTV,,,,,,,,,,,,,
681,,4391-60-035,กล้อง CCTV,CCTV,,,,,,,,,,,,,
682,,4391-61-049,กล้อง CCTV IP,CCTV,,,,,,,,,,,,,
683,,4391-61-052,กล้อง CCTV IP,CCTV,,,,,,,,,,,,,
684,,4391-62-009,กล้อง 2MP Mini Bullet,CCTV,,,,,,,,,,,,,
685,,4391-62-030,กล้อง 2MP Mini Bullet,CCTV,,,,,,,,,,,,,
686,,4391-64-004,กล้อง Hikvision IPC 2MP DS-2CD1027G0-L,CCTV,,,,,,,,,,,,,
687,,4391-64-009,กล้อง Hikvision IPC 2MP DS-2CD1027G0-L,CCTV,,,,,,,,,,,,,
688,,4391-61-058,กล้อง CCTV IP,CCTV,,,,,,,,,,,,,
689,,4391-62-038,กล้อง 2MP Mini Bullet,CCTV,,,,,,,,,,,,,
690,,4390-59-001,เครื่องบันทึก IP,NVR,,,,,,,,,,,,,
691,,4391-60-013,กล้อง CCTV IP,CCTV,,,,,,,,,,,,,
692,,4391-CCTV-016,กล้อง CCTV IP,CCTV,,,,,,,,,,,,,
693,,4390-62-004,เครื่องบันทึก NVR 8MP 8ch PoE 8,NVR,,,,,,,,,,,,,
694,,4391-62-022,กล้อง 2MP Mini Bullet,CCTV,,,,,,,,,,,,,
695,,4391-62-026,กล้อง 2MP Mini Bullet,CCTV,,,,,,,,,,,,,
696,,4391-62-033,กล้อง 2MP Mini Bullet,CCTV,,,,,,,,,,,,,
697,,4390-61-010,เครื่องบันทึก IP 8 Chanel + POE,NVR,,,,,,,,,,,,,
698,,4390-61-012,เครื่องบันทึก IP 8 Chanel + POE,NVR,,,,,,,,,,,,,
699,,4390-62-005,เครื่องบันทึก NVR 8MP 8ch PoE 8,NVR,,,,,,,,,,,,,
700,,4390-62-007,เครื่องบันทึก NVR 8MP 8ch PoE 8,NVR,,,,,,,,,,,,,
701,,4391-60-019,กล้อง CCTV IP,CCTV,,,,,,,,,,,,,
702,,4391-60-022,กล้อง CCTV IP,CCTV,,,,,,,,,,,,,
703,,4391-60-025,กล้อง CCTV IP,CCTV,,,,,,,,,,,,,
704,,4391-61-051,กล้อง CCTV IP,CCTV,,,,,,,,,,,,,
705,,4391-61-053,กล้อง CCTV IP,CCTV,,,,,,,,,,,,,
706,,4391-61-054,กล้อง CCTV IP,CCTV,,,,,,,,,,,,,
707,,4391-61-057,กล้อง CCTV IP,CCTV,,,,,,,,,,,,,
708,,4391-61-061,กล้อง CCTV IP,CCTV,,,,,,,,,,,,,
709,,4391-61-062,กล้อง CCTV IP,CCTV,,,,,,,,,,,,,
710,,4391-62-006,กล้อง 2MP IR Fixed Network Bullet Camera,CCTV,,,,,,,,,,,,,
711,,4391-62-008,กล้อง 2MP IR Fixed Network Bullet Camera,CCTV,,,,,,,,,,,,,
712,,4391-62-017,กล้อง 2MP Mini Bullet,CCTV,,,,,,,,,,,,,
713,,4391-62-021,กล้อง 2MP Mini Bullet,CCTV,,,,,,,,,,,,,
714,,4391-62-023,กล้อง 2MP Mini Bullet,CCTV,,,,,,,,,,,,,
715,,4391-62-027,กล้อง 2MP Mini Bullet,CCTV,,,,,,,,,,,,,
716,,4391-62-032,กล้อง 2MP Mini Bullet,CCTV,,,,,,,,,,,,,
717,,4391-62-035,กล้อง 2MP Mini Bullet,CCTV,,,,,,,,,,,,,
718,,4391-64-001,กล้อง Hikvision IPC 2MP DS-2CD1027G0-L,CCTV,,,,,,,,,,,,,
719,,4391-64-005,กล้อง Hikvision IPC 2MP DS-2CD1027G0-L,CCTV,,,,,,,,,,,,,
720,,4391-64-006,กล้อง Hikvision IPC 2MP DS-2CD1027G0-L,CCTV,,,,,,,,,,,,,
721,,4391-64-007,กล้อง Hikvision IPC 2MP DS-2CD1027G0-L,CCTV,,,,,,,,,,,,,
722,,4391-64-008,กล้อง Hikvision IPC 2MP DS-2CD1027G0-L,CCTV,,,,,,,,,,,,,
723,,4391-64-012,กล้อง Hikvision IPC 2MP DS-2CD1027G0-L,CCTV,,,,,,,,,,,,,
724,,4391-65-001,กล้องวงจรปิด HIKVISION DS-2CD2023G2-I (2.8mm),CCTV,,,,,,,,,,,,,
725,,CIP-VSP-006,,CCTV,,,,,,,,,,,,,
726,,CIP-VSP-007,,CCTV,,,,,,,,,,,,,
727,,CIP-VSP-008,,CCTV,,,,,,,,,,,,,
728,,CIP-VSP-009,,CCTV,,,,,,,,,,,,,
729,,CIP-VSP-010,,CCTV,,,,,,,,,,,,,
730,,CIP-VSP-011,,CCTV,,,,,,,,,,,,,
731,,4390-62-001,เครื่องบันทึก Embedded Plug & Play 4K NVR,NVR,,,,,,,,,,,,,
732,,4391-62-036,กล้อง 2MP Mini Bullet,CCTV,,,,,,,,,,,,,
733,,4391-64-015,กล้อง Hikvision IPC 2MP DS-2CD1027G0-L,CCTV,,,,,,,,,,,,,
734,,4390-62-002,เครื่องบันทึก Embedded Plug & Play 4K NVR,NVR,,,,,,,,,,,,,
735,,4391-62-003,กล้อง 2MP IR Fixed Network Bullet Camera,CCTV,,,,,,,,,,,,,
736,,4391-62-005,กล้อง 2MP IR Fixed Network Bullet Camera,CCTV,,,,,,,,,,,,,
737,,4391-62-010,กล้อง 2MP Mini Bullet,CCTV,,,,,,,,,,,,,
738,,4391-62-011,กล้อง 2MP Mini Bullet,CCTV,,,,,,,,,,,,,
739,,4390-60-005,เครื่องบันทึก analog,NVR,,,,,,,,,,,,,
740,,4391-60-026,กล้อง CCTV analog,CCTV,,,,,,,,,,,,,
741,,4391-60-027,กล้อง CCTV analog,CCTV,,,,,,,,,,,,,
742,,4391-CCTV-028,กล้อง CCTV analog,CCTV,,,,,,,,,,,,,
743,,4390-62-003,เครื่องบันทึก NVR 8MP 8ch PoE 8,NVR,,,,,,,,,,,,,
744,,4391-61-063,กล้อง CCTV IP,CCTV,,,,,,,,,,,,,
745,,4391-61-065,กล้อง CCTV IP,CCTV,,,,,,,,,,,,,
746,,4391-64-011,กล้อง Hikvision IPC 2MP DS-2CD1027G0-L,CCTV,,,,,,,,,,,,,
747,,4390-64-002,เครื่องบันทึก Hikvision DS-7108NI-Q1/8p/m,NVR,,,,,,,,,,,,,
748,,4391-62-039,กล้อง 2MP Mini Bullet,CCTV,,,,,,,,,,,,,
749,,4391-62-040,กล้อง 2MP Mini Bullet,CCTV,,,,,,,,,,,,,
750,,4391-64-016,กล้อง Hikvision IPC 2MP DS-2CD1027G0-L,CCTV,,,,,,,,,,,,,
751,,4391-64-018,กล้อง Hikvision IPC 2MP DS-2CD1027G0-L,CCTV,,,,,,,,,,,,,
752,,4391-64-019,กล้อง Hikvision IPC 2MP DS-2CD1027G0-L,CCTV,,,,,,,,,,,,,
753,,4390-CCTV-003,เครื่องบันทึก IP,NVR,,,,,,,,,,,,,
754,,4391-CCTV-032,กล้อง CCTV IP,CCTV,,,,,,,,,,,,,
755,,4391-CCTV-035,กล้อง CCTV IP,CCTV,,,,,,,,,,,,,
756,,4391-CCTV-038,กล้อง CCTV IP,CCTV,,,,,,,,,,,,,
757,,4391-62-029,กล้อง 2MP Mini Bullet,CCTV,,,,,,,,,,,,,
758,,4390-62-006,เครื่องบันทึก NVR 8MP 8ch PoE 8,NVR,,,,,,,,,,,,,
759,,4391-61-050,กล้อง CCTV IP,CCTV,,,,,,,,,,,,,
760,,4391-61-055,กล้อง CCTV IP,CCTV,,,,,,,,,,,,,
761,,4391-62-031,กล้อง 2MP Mini Bullet,CCTV,,,,,,,,,,,,,
762,,4391-62-034,กล้อง 2MP Mini Bullet,CCTV,,,,,,,,,,,,,
763,,4391-61-060,กล้อง CCTV IP,CCTV,,,,,,,,,,,,,
764,,4391-61-070,กล้อง CCTV IP,CCTV,,,,,,,,,,,,,
765,,4391-61-071,กล้อง CCTV IP,CCTV,,,,,,,,,,,,,
766,,4390-61-011,เครื่องบันทึก IP 8 Chanel + POE,NVR,,,,,,,,,,,,,
767,,4391-61-059,กล้อง CCTV IP,CCTV,,,,,,,,,,,,,
768,,4391-61-068,กล้อง CCTV IP,CCTV,,,,,,,,,,,,,
769,,4391-62-025,กล้อง 2MP Mini Bullet,CCTV,,,,,,,,,,,,,
770,,4391-64-003,กล้อง Hikvision IPC 2MP DS-2CD1027G0-L,CCTV,,,,,,,,,,,,,
771,,4391-61-043,กล้อง CCTV IP Dome,CCTV,,,,,,,,,,,,,
772,,4391-64-002,กล้อง Hikvision IPC 2MP DS-2CD1027G0-L,CCTV,,,,,,,,,,,,,
773,,CIP-VSP-003,,CCTV,,,,,,,,,,,,,
774,,CIP-VSP-014,,CCTV,,,,,,,,,,,,,
775,,CIP-VSP-015,,CCTV,,,,,,,,,,,,,
776,,CIP-VSP-016,,CCTV,,,,,,,,,,,,,
777,,4390-64-001,เครื่องบันทึก Hikvision DS-7108NI-Q1/8p/m,NVR,,,,,,,,,,,,,
778,,4391-62-024,กล้อง 2MP Mini Bullet,CCTV,,,,,,,,,,,,,
779,,4391-62-028,กล้อง 2MP Mini Bullet,CCTV,,,,,,,,,,,,,
780,,4390-60-006,เครื่องบันทึก IP,NVR,,,,,,,,,,,,,
781,,4391-59-001,กล้อง CCTV IP,CCTV,,,,,,,,,,,,,
782,,4391-59-002,กล้อง CCTV IP,CCTV,,,,,,,,,,,,,
783,,4391-59-004,กล้อง CCTV IP,CCTV,,,,,,,,,,,,,
784,,4391-CCTV-025,กล้อง CCTV IP,CCTV,,,,,,,,,,,,,
785,,4391-CCTV-026,กล้อง CCTV IP,CCTV,,,,,,,,,,,,,
786,,4391-CCTV-033,กล้อง CCTV IP,CCTV,,,,,,,,,,,,,
787,,4390-61-013,เครื่องบันทึก IP 8 Chanel + POE,NVR,,,,,,,,,,,,,
788,,4391-61-056,กล้อง CCTV IP,CCTV,,,,,,,,,,,,,
789,,4391-61-064,กล้อง CCTV IP,CCTV,,,,,,,,,,,,,
790,,4391-61-066,กล้อง CCTV IP,CCTV,,,,,,,,,,,,,
791,,4391-61-072,กล้อง CCTV IP,CCTV,,,,,,,,,,,,,
792,,4391-62-007,กล้อง 2MP IR Fixed Network Bullet Camera,CCTV,,,,,,,,,,,,,
793,,4391-62-013,กล้อง 2MP Mini Bullet,CCTV,,,,,,,,,,,,,
794,,4391-62-020,กล้อง 2MP Mini Bullet,CCTV,,,,,,,,,,,,,
795,,4390-60-001,เครื่องบันทึก ตึกใหม่,NVR,,,,,,,,,,,,,
796,,4390-63-001,เครื่องบันทึก DVR 8CH. HDCVI WATASHI WVR067A,NVR,,,,,,,,,,,,,
797,,4391-59-003,กล้อง CCTV,CCTV,,,,,,,,,,,,,
798,,4391-59-005,กล้อง CCTV ตึกเก่า,CCTV,,,,,,,,,,,,,
799,,4391-59-006,กล้อง CCTV ตึกเก่า,CCTV,,,,,,,,,,,,,
800,,4391-60-001,กล้อง CCTV ตึกใหม่,CCTV,,,,,,,,,,,,,
801,,4391-60-002,กล้อง CCTV ตึกใหม่,CCTV,,,,,,,,,,,,,
802,,4391-60-003,กล้อง CCTV ตึกใหม่,CCTV,,,,,,,,,,,,,
803,,4391-60-004,กล้อง CCTV ตึกใหม่,CCTV,,,,,,,,,,,,,
804,,4391-60-005,กล้อง CCTV ตึกใหม่,CCTV,,,,,,,,,,,,,
805,,4391-60-006,กล้อง CCTV ตึกใหม่,CCTV,,,,,,,,,,,,,
806,,4391-60-007,กล้อง CCTV ตึกใหม่,CCTV,,,,,,,,,,,,,
807,,4391-60-008,กล้อง CCTV ตึกใหม่,CCTV,,,,,,,,,,,,,
808,,4391-60-010,กล้อง CCTV IP,CCTV,,,,,,,,,,,,,
809,,4391-60-016,กล้อง CCTV ตึกเก่า,CCTV,,,,,,,,,,,,,
810,,4391-60-017,กล้อง CCTV ตึกเก่า,CCTV,,,,,,,,,,,,,
811,,4391-60-020,กล้อง CCTV IP,CCTV,,,,,,,,,,,,,
812,,4391-60-021,กล้อง CCTV IP,CCTV,,,,,,,,,,,,,
813,,4391-60-023,กล้อง CCTV IP,CCTV,,,,,,,,,,,,,
814,,4391-60-024,กล้อง CCTV IP,CCTV,,,,,,,,,,,,,
815,,4391-60-028,กล้อง CCTV analog,CCTV,,,,,,,,,,,,,
816,,4391-60-029,กล้อง CCTV analog,CCTV,,,,,,,,,,,,,
817,,4391-60-030,กล้อง CCTV analog,CCTV,,,,,,,,,,,,,
818,,4391-60-033,กล้อง CCTV analog,CCTV,,,,,,,,,,,,,
819,,4391-60-036,กล้อง CCTV IP,CCTV,,,,,,,,,,,,,
820,,4391-60-037,กล้อง CCTV Analog,CCTV,,,,,,,,,,,,,
821,,4391-CCTV-006,กล้อง CCTV,CCTV,,,,,,,,,,,,,
822,,4391-CCTV-009,กล้อง CCTV analog,CCTV,,,,,,,,,,,,,
823,,4391-CCTV-015,กล้อง CCTV,CCTV,,,,,,,,,,,,,
824,,4391-CCTV-018,กล้อง CCTV,CCTV,,,,,,,,,,,,,
825,,4391-CCTV-020,กล้อง CCTV IP,CCTV,,,,,,,,,,,,,
826,,4391-CCTV-030,กล้อง CCTV,CCTV,,,,,,,,,,,,,
827,,4391-61-044,กล้อง CCTV IP Dome,CCTV,,,,,,,,,,,,,
828,,4391-61-046,กล้อง CCTV IP Dome,CCTV,,,,,,,,,,,,,
829,,4391-61-047,กล้อง CCTV IP Dome,CCTV,,,,,,,,,,,,,
830,,4391-61-048,กล้อง CCTV IP Dome,CCTV,,,,,,,,,,,,,
831,,4390-62-008,เครื่องบันทึก NVR 8MP 8ch PoE 8,NVR,,,,,,,,,,,,,
832,,4391-62-016,กล้อง 2MP Mini Bullet,CCTV,,,,,,,,,,,,,
833,,4391-62-018,กล้อง 2MP Mini Bullet,CCTV,,,,,,,,,,,,,
834,,4391-62-019,กล้อง 2MP Mini Bullet,CCTV,,,,,,,,,,,,,
835,,4391-62-037,กล้อง 2MP Mini Bullet,CCTV,,,,,,,,,,,,,
836,,4391-61-067,กล้อง CCTV IP,CCTV,,,,,,,,,,,,,
837,,4391-61-069,กล้อง CCTV IP,CCTV,,,,,,,,,,,,,
838,,4390-65-001,เครื่องบันทึก DVR 8CH. HDCVI WATASHI WVR067A,CCTV,,,,,,,,,,,,,
839,,4390-66-001,,CCTV,,,,,,,,,,,,,
840,,4390-66-003,,CCTV,,,,,,,,,,,,,
841,,4390-68-001,เครื่องบันทึก DS-7608NXI-K2/8P Hikvision Acusense NVR 8ช่อง 8PoE 2SATA 8 ช่อง 8PoE 2SATA,CCTV,,,,,,,,,,,,,
842,,4391-61-045,กล้อง CCTV IP Dome,CCTV,,,,,,,,,,,,,
843,,4391-62-002,กล้อง 2MP IR Fixed Network Bullet Camera,CCTV,,,,,,,,,,,,,
844,,4391-62-012,กล้อง 2MP Mini Bullet,CCTV,,,,,,,,,,,,,
845,,4391-64-010,กล้อง Hikvision IPC 2MP DS-2CD1027G0-L,CCTV,,,,,,,,,,,,,
846,,4391-64-014,กล้อง Hikvision IPC 2MP DS-2CD1027G0-L,CCTV,,,,,,,,,,,,,
847,,4391-68-001,กล้องวงจรปิด DS-2CD2T46G2-2I 4mm Hikvision Acusense IPC 4MP PoE,CCTV,,,,,,,,,,,,,
848,,4391-68-002,กล้องวงจรปิด DS-2CD2T46G2-2I 4mm Hikvision Acusense IPC 4MP PoE,CCTV,,,,,,,,,,,,,
849,,4391-68-003,กล้องวงจรปิด DS-2CD2955G0-ISU Hikvision Fisheye 5MP PoE,CCTV,,,,,,,,,,,,,
850,,4391-68-004,กล้องวงจรปิดDS-2DE2A404IW-DE3/W (Adapterในตัว) Hikvision PTZ IPC 4MP PoE (Wi-Fi),CCTV,,,,,,,,,,,,,
851,,CIP-VSP-002,,CCTV,,,,,,,,,,,,,
852,,CIP-VSP-004,,CCTV,,,,,,,,,,,,,
853,,CIP-VSP-005,,CCTV,,,,,,,,,,,,,
854,,CIP-VSP-012,,CCTV,,,,,,,,,,,,,
855,,CIP-VSP-013,,CCTV,,,,,,,,,,,,,
856,,CIP-VSP-017,,CCTV,,,,,,,,,,,,,
857,,CIP-VSP-018,,CCTV,,,,,,,,,,,,,
858,,CIP-VSP-019,,CCTV,,,,,,,,,,,,,
859,,CIP-VSP-020,,CCTV,,,,,,,,,,,,,
860,,CIP-VSP-021,,CCTV,,,,,,,,,,,,,
861,,CIP-VSP-022,,CCTV,,,,,,,,,,,,,
862,,CIP-VSP-68-001,,CCTV,,,,,,,,,,,,,
863,,CIP-VSP-68-002,,CCTV,,,,,,,,,,,,,
864,,CIP-VSP-68-003,,CCTV,,,,,,,,,,,,,
865,,CIP-VSP-68-004,,CCTV,,,,,,,,,,,,,
866,,CIP-VSP-68-005,,CCTV,,,,,,,,,,,,,
867,,CIP-VSP-68-006,,CCTV,,,,,,,,,,,,,
868,,4390-69-001,เครื่องบันทึก DS-7608NXI-K2/8P Hikvision Acusense NVR 8ช่อง 8PoE 2SATA,CCTV,,,,,,,,,,,,,
869,,4391-69-001,กล้องวงจรปิด DS-2CD1023G2-LIUF/SL (4.0mm) Hikvision Smart Hybrid Light IPC 2MP PoE (โต้ตอบ),CCTV,,,,,,,,,,,,,
870,,4391-69-002,กล้องวงจรปิด DS-2CD1023G2-LIUF/SL (4.0mm) Hikvision Smart Hybrid Light IPC 2MP PoE (โต้ตอบ),CCTV,,,,,,,,,,,,,
871,,4391-69-003,กล้องวงจรปิด DS-2CD1023G2-LIUF/SL (4.0mm) Hikvision Smart Hybrid Light IPC 2MP PoE (โต้ตอบ),CCTV,,,,,,,,,,,,,
872,,4391-69-004,กล้องวงจรปิด DS-2CD1023G2-LIUF/SL (4.0mm) Hikvision Smart Hybrid Light IPC 2MP PoE (โต้ตอบ),CCTV,,,,,,,,,,,,,
873,,4391-69-005,กล้องวงจรปิด DS-2CD1023G2-LIUF/SL (4.0mm) Hikvision Smart Hybrid Light IPC 2MP PoE (โต้ตอบ),CCTV,,,,,,,,,,,,,
874,,4391-69-006,กล้องวงจรปิด DS-2CD1023G2-LIUF/SL (4.0mm) Hikvision Smart Hybrid Light IPC 2MP PoE (โต้ตอบ),CCTV,,,,,,,,,,,,,
875,,4391-69-007,กล้องวงจรปิด DS-2CD1023G2-LIUF/SL (4.0mm) Hikvision Smart Hybrid Light IPC 2MP PoE (โต้ตอบ),CCTV,,,,,,,,,,,,,
876,,4391-69-008,กล้องวงจรปิด DS-2CD1023G2-LIUF/SL (4.0mm) Hikvision Smart Hybrid Light IPC 2MP PoE (โต้ตอบ),CCTV,,,,,,,,,,,,,
